likes,followers,comments,color1,color2,color3,color4,color5,color6,color7,color8,color9,color10
264,1995,4,"(127, 76, 98)","(191, 140, 163)","(31, 44, 59)","(50, 29, 37)","(191, 159, 140)","(41, 28, 23)","(165, 105, 131)","(120, 88, 74)","(92, 47, 64)","(223, 197, 180)"
315,2252,6,"(244, 231, 206)","(190, 164, 122)","(127, 95, 54)","(58, 34, 12)","(215, 197, 156)","(154, 134, 87)","(87, 67, 29)","(254, 252, 253)","(20, 7, 9)","(107, 50, 27)"
287,1031,2,"(30, 24, 20)","(189, 160, 123)","(20, 25, 34)","(108, 94, 78)","(75, 99, 121)","(28, 21, 25)","(98, 90, 96)","(140, 154, 168)","(157, 153, 156)","(229, 210, 179)"
184,487,3,"(245, 244, 243)","(56, 18, 13)","(156, 21, 16)","(246, 243, 244)","(179, 52, 33)","(88, 13, 16)","(140, 19, 22)","(193, 152, 127)","(242, 242, 245)","(240, 243, 241)"
208,557,11,"(29, 32, 37)","(24, 28, 27)","(204, 162, 99)","(40, 30, 24)","(138, 91, 49)","(248, 243, 233)","(244, 204, 78)","(180, 141, 51)","(46, 31, 36)","(81, 88, 97)"
395,1658,26,"(28, 23, 17)","(253, 253, 253)","(8, 5, 7)","(3, 3, 5)","(190, 149, 124)","(119, 89, 69)","(26, 31, 25)","(79, 68, 39)","(250, 248, 250)","(240, 240, 242)"
833,6775,23,"(1, 0, 0)","(244, 225, 217)","(189, 155, 139)","(202, 230, 240)","(219, 200, 222)","(128, 178, 199)","(12, 14, 27)","(124, 100, 89)","(149, 206, 221)","(76, 97, 130)"
244,578,6,"(166, 150, 136)","(39, 31, 28)","(110, 98, 85)","(75, 93, 121)","(22, 26, 43)","(225, 233, 244)","(236, 230, 222)","(48, 26, 32)","(113, 78, 88)","(146, 159, 176)"
255,1491,9,"(45, 24, 11)","(227, 159, 65)","(137, 89, 42)","(242, 209, 79)","(247, 239, 193)","(175, 143, 51)","(48, 12, 16)","(124, 32, 38)","(91, 68, 22)","(172, 45, 59)"
177,1238,6,"(222, 214, 205)","(75, 72, 69)","(39, 34, 30)","(74, 104, 118)","(172, 161, 150)","(64, 65, 60)","(140, 157, 166)","(53, 47, 49)","(32, 44, 54)","(97, 53, 35)"
350,2424,5,"(30, 30, 17)","(160, 160, 166)","(97, 94, 89)","(152, 150, 146)","(202, 204, 212)","(107, 109, 113)","(151, 148, 151)","(21, 30, 15)","(113, 111, 113)","(95, 99, 96)"
338,2479,2,"(15, 17, 27)","(117, 161, 235)","(46, 16, 35)","(14, 10, 8)","(161, 158, 154)","(90, 93, 112)","(167, 213, 246)","(113, 96, 87)","(111, 76, 104)","(137, 191, 250)"
364,1922,7,"(42, 38, 29)","(17, 17, 24)","(118, 99, 77)","(169, 150, 129)","(28, 23, 26)","(147, 128, 101)","(233, 221, 206)","(27, 30, 27)","(76, 68, 41)","(94, 91, 93)"
368,1805,6,"(53, 37, 3)","(146, 101, 33)","(183, 129, 53)","(100, 68, 11)","(199, 144, 74)","(5, 1, 4)","(237, 220, 175)","(217, 196, 153)","(3, 1, 6)","(0, 1, 0)"
841,7192,23,"(21, 16, 13)","(94, 103, 124)","(105, 88, 71)","(12, 8, 10)","(187, 153, 115)","(6, 8, 6)","(8, 9, 11)","(245, 213, 171)","(93, 86, 89)","(119, 124, 140)"
143,902,1,"(251, 251, 251)","(4, 4, 3)","(17, 17, 23)","(236, 236, 240)","(247, 244, 247)","(35, 21, 31)","(163, 160, 159)","(96, 92, 90)","(155, 162, 175)","(246, 248, 247)"
486,1693,7,"(27, 23, 20)","(206, 210, 220)","(227, 223, 216)","(163, 160, 158)","(147, 149, 153)","(127, 79, 50)","(31, 31, 34)","(214, 212, 214)","(19, 21, 20)","(112, 117, 127)"
126,685,2,"(16, 18, 22)","(22, 17, 14)","(87, 92, 101)","(106, 97, 89)","(163, 155, 146)","(149, 157, 167)","(28, 17, 23)","(17, 20, 19)","(108, 90, 102)","(209, 205, 197)"
364,1087,5,"(47, 36, 23)","(193, 209, 231)","(106, 86, 63)","(41, 20, 27)","(225, 216, 210)","(79, 119, 60)","(157, 164, 177)","(76, 71, 35)","(85, 96, 113)","(171, 155, 136)"
244,1026,6,"(166, 150, 136)","(39, 31, 28)","(110, 98, 85)","(75, 93, 121)","(22, 26, 43)","(225, 233, 244)","(236, 230, 222)","(48, 26, 32)","(113, 78, 88)","(146, 159, 176)"
255,1064,9,"(45, 24, 11)","(227, 159, 65)","(137, 89, 42)","(242, 209, 79)","(247, 239, 193)","(175, 143, 51)","(48, 12, 16)","(124, 32, 38)","(91, 68, 22)","(172, 45, 59)"
177,568,6,"(222, 214, 205)","(75, 72, 69)","(39, 34, 30)","(74, 104, 118)","(172, 161, 150)","(64, 65, 60)","(140, 157, 166)","(53, 47, 49)","(32, 44, 54)","(97, 53, 35)"
350,2252,5,"(30, 30, 17)","(160, 160, 166)","(97, 94, 89)","(152, 150, 146)","(202, 204, 212)","(107, 109, 113)","(151, 148, 151)","(21, 30, 15)","(113, 111, 113)","(95, 99, 96)"
338,992,2,"(15, 17, 27)","(117, 161, 235)","(46, 16, 35)","(14, 10, 8)","(161, 158, 154)","(90, 93, 112)","(167, 213, 246)","(113, 96, 87)","(111, 76, 104)","(137, 191, 250)"
364,2215,7,"(42, 38, 29)","(17, 17, 24)","(118, 99, 77)","(169, 150, 129)","(28, 23, 26)","(147, 128, 101)","(233, 221, 206)","(27, 30, 27)","(76, 68, 41)","(94, 91, 93)"
368,1164,6,"(53, 37, 3)","(146, 101, 33)","(183, 129, 53)","(100, 68, 11)","(199, 144, 74)","(5, 1, 4)","(237, 220, 175)","(217, 196, 153)","(3, 1, 6)","(0, 1, 0)"
841,5145,23,"(21, 16, 13)","(94, 103, 124)","(105, 88, 71)","(12, 8, 10)","(187, 153, 115)","(6, 8, 6)","(8, 9, 11)","(245, 213, 171)","(93, 86, 89)","(119, 124, 140)"
143,860,1,"(251, 251, 251)","(4, 4, 3)","(17, 17, 23)","(236, 236, 240)","(247, 244, 247)","(35, 21, 31)","(163, 160, 159)","(96, 92, 90)","(155, 162, 175)","(246, 248, 247)"
486,2070,7,"(27, 23, 20)","(206, 210, 220)","(227, 223, 216)","(163, 160, 158)","(147, 149, 153)","(127, 79, 50)","(31, 31, 34)","(214, 212, 214)","(19, 21, 20)","(112, 117, 127)"
126,807,2,"(16, 18, 22)","(22, 17, 14)","(87, 92, 101)","(106, 97, 89)","(163, 155, 146)","(149, 157, 167)","(28, 17, 23)","(17, 20, 19)","(108, 90, 102)","(209, 205, 197)"
364,1168,5,"(47, 36, 23)","(193, 209, 231)","(106, 86, 63)","(41, 20, 27)","(225, 216, 210)","(79, 119, 60)","(157, 164, 177)","(76, 71, 35)","(85, 96, 113)","(171, 155, 136)"
446,2154,6,"(23, 17, 15)","(18, 19, 25)","(35, 23, 27)","(70, 84, 106)","(122, 76, 53)","(22, 30, 27)","(134, 149, 190)","(107, 75, 88)","(215, 146, 96)","(51, 111, 99)"
347,1670,4,"(121, 85, 74)","(27, 29, 36)","(213, 228, 235)","(143, 150, 156)","(100, 106, 112)","(168, 146, 132)","(61, 36, 29)","(55, 35, 39)","(109, 83, 88)","(148, 155, 153)"
635,2265,14,"(18, 19, 25)","(43, 32, 22)","(115, 94, 70)","(172, 155, 138)","(134, 154, 170)","(96, 106, 117)","(163, 125, 157)","(153, 141, 66)","(31, 40, 37)","(162, 108, 138)"
370,2228,7,"(8, 2, 0)","(61, 11, 34)","(203, 69, 217)","(126, 27, 80)","(210, 109, 250)","(172, 42, 128)","(112, 74, 243)","(182, 220, 252)","(186, 158, 252)","(146, 29, 10)"
380,1852,4,"(20, 5, 3)","(238, 55, 148)","(57, 15, 29)","(235, 109, 232)","(190, 36, 89)","(145, 23, 15)","(241, 200, 238)","(140, 26, 56)","(250, 47, 32)","(233, 154, 241)"
971,2556,17,"(96, 100, 105)","(166, 157, 149)","(138, 139, 144)","(128, 96, 77)","(44, 28, 17)","(164, 162, 163)","(104, 108, 107)","(232, 214, 191)","(6, 7, 10)","(123, 126, 134)"
200,726,8,"(12, 8, 5)","(18, 18, 20)","(128, 82, 64)","(14, 10, 12)","(188, 149, 135)","(93, 53, 40)","(152, 158, 163)","(166, 110, 96)","(12, 15, 13)","(183, 205, 223)"
217,844,5,"(29, 35, 41)","(89, 96, 112)","(251, 253, 252)","(104, 92, 82)","(46, 43, 38)","(135, 147, 173)","(174, 152, 136)","(37, 41, 39)","(237, 230, 222)","(111, 124, 152)"
384,1133,10,"(32, 26, 17)","(185, 152, 110)","(124, 100, 67)","(150, 135, 88)","(77, 70, 39)","(23, 23, 35)","(246, 206, 159)","(15, 12, 14)","(84, 94, 114)","(147, 151, 162)"
146,924,3,"(200, 173, 123)","(178, 141, 178)","(119, 83, 124)","(120, 91, 58)","(191, 88, 122)","(222, 195, 142)","(33, 33, 59)","(144, 19, 52)","(64, 21, 55)","(70, 39, 15)"
747,2242,16,"(223, 226, 235)","(213, 161, 12)","(244, 243, 233)","(137, 96, 34)","(72, 84, 10)","(56, 47, 13)","(208, 171, 73)","(233, 238, 234)","(25, 35, 25)","(19, 23, 30)"
300,2067,10,"(2, 0, 1)","(33, 34, 28)","(172, 149, 160)","(108, 92, 98)","(33, 33, 36)","(88, 83, 80)","(92, 92, 97)","(228, 206, 216)","(154, 153, 162)","(39, 43, 39)"
-1,1476,38,"(250, 249, 248)","(216, 223, 230)","(222, 224, 223)","(168, 176, 189)","(186, 157, 139)","(230, 225, 228)","(112, 100, 91)","(17, 26, 35)","(87, 94, 102)","(180, 192, 206)"
-1,15,4,"(226, 228, 235)","(195, 155, 150)","(184, 156, 163)","(225, 195, 191)","(211, 201, 208)","(218, 178, 173)","(122, 84, 81)","(124, 85, 89)","(204, 183, 191)","(167, 167, 174)"
234,1231,17,"(109, 89, 79)","(227, 212, 204)","(173, 153, 140)","(162, 161, 170)","(59, 39, 32)","(106, 93, 97)","(89, 96, 112)","(165, 157, 163)","(213, 211, 219)","(27, 31, 41)"
-1,-3,1,"(231, 231, 236)","(247, 246, 245)","(226, 207, 213)","(196, 164, 173)","(189, 165, 154)","(209, 181, 188)","(130, 80, 93)","(238, 240, 239)","(209, 182, 181)","(43, 12, 19)"
-1,-1,2,"(222, 219, 214)","(148, 162, 150)","(193, 206, 196)","(178, 162, 151)","(94, 105, 95)","(112, 96, 88)","(118, 133, 120)","(183, 196, 186)","(58, 63, 58)","(223, 225, 228)"
-1,25,5,"(239, 236, 231)","(180, 156, 144)","(37, 27, 23)","(107, 90, 83)","(223, 222, 226)","(88, 99, 95)","(127, 73, 80)","(35, 42, 38)","(141, 154, 152)","(154, 155, 165)"
-1,-4,1,"(235, 236, 244)","(230, 207, 213)","(191, 159, 165)","(189, 153, 150)","(175, 174, 184)","(212, 179, 185)","(231, 205, 203)","(188, 188, 200)","(123, 95, 101)","(216, 177, 174)"
-1,2,2,"(205, 218, 230)","(0, 0, 0)","(153, 164, 172)","(29, 31, 33)","(89, 95, 100)","(8, 10, 9)","(4, 2, 3)","(180, 193, 205)","(120, 128, 135)","(67, 73, 73)"
209,843,5,"(227, 222, 213)","(180, 171, 155)","(112, 91, 72)","(21, 17, 12)","(199, 194, 178)","(9, 41, 62)","(151, 135, 92)","(79, 96, 111)","(143, 156, 172)","(20, 24, 22)"
-1,-2,1,"(247, 242, 241)","(232, 227, 230)","(192, 158, 147)","(49, 40, 31)","(104, 85, 74)","(102, 93, 98)","(168, 157, 162)","(233, 232, 237)","(216, 181, 174)","(20, 21, 24)"
-1,-2,1,"(8, 4, 2)","(246, 243, 241)","(175, 158, 128)","(114, 98, 71)","(143, 136, 100)","(221, 221, 126)","(19, 0, 3)","(87, 71, 28)","(166, 113, 97)","(251, 254, 253)"
-1,1478,38,"(250, 249, 248)","(216, 223, 230)","(222, 224, 223)","(168, 176, 189)","(186, 157, 139)","(230, 225, 228)","(112, 100, 91)","(17, 26, 35)","(87, 94, 102)","(180, 192, 206)"
-1,13,4,"(226, 228, 235)","(195, 155, 150)","(184, 156, 163)","(225, 195, 191)","(211, 201, 208)","(218, 178, 173)","(122, 84, 81)","(124, 85, 89)","(204, 183, 191)","(167, 167, 174)"
234,1250,17,"(109, 89, 79)","(227, 212, 204)","(173, 153, 140)","(162, 161, 170)","(59, 39, 32)","(106, 93, 97)","(89, 96, 112)","(165, 157, 163)","(213, 211, 219)","(27, 31, 41)"
-1,0,1,"(231, 231, 236)","(247, 246, 245)","(226, 207, 213)","(196, 164, 173)","(189, 165, 154)","(209, 181, 188)","(130, 80, 93)","(238, 240, 239)","(209, 182, 181)","(43, 12, 19)"
-1,2,2,"(222, 219, 214)","(148, 162, 150)","(193, 206, 196)","(178, 162, 151)","(94, 105, 95)","(112, 96, 88)","(118, 133, 120)","(183, 196, 186)","(58, 63, 58)","(223, 225, 228)"
-1,24,5,"(239, 236, 231)","(180, 156, 144)","(37, 27, 23)","(107, 90, 83)","(223, 222, 226)","(88, 99, 95)","(127, 73, 80)","(35, 42, 38)","(141, 154, 152)","(154, 155, 165)"
-1,0,1,"(235, 236, 244)","(230, 207, 213)","(191, 159, 165)","(189, 153, 150)","(175, 174, 184)","(212, 179, 185)","(231, 205, 203)","(188, 188, 200)","(123, 95, 101)","(216, 177, 174)"
-1,1,2,"(205, 218, 230)","(0, 0, 0)","(153, 164, 172)","(29, 31, 33)","(89, 95, 100)","(8, 10, 9)","(4, 2, 3)","(180, 193, 205)","(120, 128, 135)","(67, 73, 73)"
209,1380,5,"(227, 222, 213)","(180, 171, 155)","(112, 91, 72)","(21, 17, 12)","(199, 194, 178)","(9, 41, 62)","(151, 135, 92)","(79, 96, 111)","(143, 156, 172)","(20, 24, 22)"
-1,-2,1,"(247, 242, 241)","(232, 227, 230)","(192, 158, 147)","(49, 40, 31)","(104, 85, 74)","(102, 93, 98)","(168, 157, 162)","(233, 232, 237)","(216, 181, 174)","(20, 21, 24)"
-1,0,1,"(8, 4, 2)","(246, 243, 241)","(175, 158, 128)","(114, 98, 71)","(143, 136, 100)","(221, 221, 126)","(19, 0, 3)","(87, 71, 28)","(166, 113, 97)","(251, 254, 253)"
-1,22,5,"(128, 91, 80)","(184, 146, 130)","(249, 246, 241)","(72, 97, 117)","(28, 32, 49)","(244, 253, 251)","(159, 115, 104)","(130, 158, 178)","(57, 40, 34)","(51, 34, 41)"
-1,5,3,"(207, 213, 222)","(157, 163, 171)","(116, 102, 92)","(161, 143, 128)","(99, 105, 113)","(50, 40, 31)","(21, 32, 46)","(183, 191, 202)","(102, 94, 98)","(144, 127, 107)"
-1,34,6,"(252, 251, 250)","(110, 92, 78)","(182, 156, 138)","(47, 38, 29)","(90, 104, 117)","(135, 155, 173)","(250, 252, 251)","(227, 178, 163)","(93, 88, 93)","(39, 45, 51)"
-1,9,3,"(251, 247, 246)","(193, 159, 148)","(231, 227, 230)","(215, 182, 174)","(235, 234, 238)","(133, 94, 83)","(160, 114, 104)","(47, 22, 18)","(189, 154, 157)","(252, 253, 252)"
-1,23,5,"(207, 219, 227)","(46, 34, 31)","(253, 253, 252)","(108, 87, 80)","(161, 141, 131)","(40, 23, 26)","(252, 254, 254)","(93, 85, 86)","(254, 252, 253)","(81, 56, 50)"
-1,16,4,"(228, 216, 210)","(197, 153, 129)","(136, 91, 68)","(224, 182, 162)","(65, 28, 15)","(168, 116, 92)","(227, 219, 221)","(105, 48, 30)","(225, 227, 224)","(210, 190, 170)"
-1,7,3,"(41, 41, 41)","(43, 45, 47)","(214, 214, 214)","(49, 51, 50)","(71, 71, 70)","(68, 69, 71)","(213, 215, 214)","(160, 160, 160)","(39, 37, 38)","(62, 63, 66)"
-1,15,4,"(186, 168, 136)","(228, 215, 196)","(213, 195, 161)","(130, 104, 69)","(75, 89, 107)","(32, 41, 52)","(162, 131, 82)","(42, 28, 12)","(50, 63, 81)","(132, 136, 146)"
22,118,1,"(254, 254, 254)","(152, 175, 191)","(160, 169, 152)","(1, 1, 1)","(63, 101, 83)","(161, 166, 153)","(15, 20, 24)","(235, 241, 238)","(89, 99, 106)","(13, 17, 13)"
-1,9,3,"(228, 228, 225)","(213, 217, 221)","(221, 210, 214)","(187, 168, 132)","(234, 206, 84)","(19, 18, 15)","(107, 94, 82)","(223, 227, 225)","(185, 158, 168)","(201, 168, 32)"
820,3398,8,"(19, 15, 10)","(119, 90, 56)","(50, 103, 129)","(19, 32, 44)","(205, 160, 104)","(97, 173, 206)","(20, 13, 17)","(248, 236, 194)","(86, 98, 92)","(176, 132, 61)"
317,1273,16,"(3, 2, 0)","(17, 27, 22)","(13, 18, 23)","(133, 151, 156)","(130, 106, 35)","(178, 159, 26)","(88, 106, 111)","(185, 162, 109)","(232, 224, 71)","(138, 156, 152)"
1798,7999,29,"(30, 19, 14)","(19, 22, 28)","(23, 16, 19)","(10, 14, 12)","(240, 232, 217)","(115, 85, 67)","(185, 155, 131)","(233, 242, 234)","(71, 86, 106)","(79, 99, 81)"
821,3634,28,"(27, 26, 25)","(24, 25, 27)","(30, 28, 29)","(25, 28, 26)","(81, 81, 84)","(85, 84, 83)","(91, 89, 91)","(81, 84, 83)","(236, 234, 235)","(159, 154, 152)"
1388,10811,85,"(116, 94, 82)","(170, 153, 142)","(25, 26, 29)","(31, 22, 17)","(217, 205, 194)","(82, 83, 88)","(90, 86, 88)","(155, 118, 105)","(10, 12, 11)","(151, 152, 158)"
168,1435,20,"(185, 168, 151)","(27, 18, 23)","(126, 87, 74)","(32, 30, 38)","(47, 33, 30)","(78, 81, 84)","(252, 254, 254)","(174, 110, 89)","(236, 226, 218)","(86, 78, 80)"
200,1600,9,"(222, 212, 205)","(181, 170, 159)","(27, 30, 28)","(29, 28, 26)","(120, 103, 90)","(30, 26, 28)","(200, 192, 180)","(30, 32, 34)","(233, 177, 156)","(184, 109, 81)"
529,2175,10,"(22, 24, 29)","(35, 9, 33)","(28, 34, 33)","(236, 224, 210)","(251, 196, 241)","(229, 122, 180)","(178, 159, 141)","(40, 25, 20)","(130, 69, 104)","(250, 151, 212)"
650,2893,10,"(47, 11, 31)","(25, 15, 39)","(226, 212, 204)","(190, 153, 138)","(142, 20, 44)","(137, 86, 70)","(137, 65, 82)","(88, 90, 103)","(231, 220, 223)","(182, 139, 145)"
217,1519,0,"(214, 229, 246)","(244, 244, 226)","(18, 25, 36)","(33, 31, 12)","(127, 164, 206)","(192, 170, 108)","(223, 225, 94)","(169, 158, 33)","(69, 94, 125)","(219, 237, 225)"
297,1420,4,"(5, 4, 3)","(247, 208, 225)","(111, 171, 215)","(189, 221, 241)","(15, 8, 11)","(248, 215, 197)","(12, 19, 27)","(221, 141, 111)","(43, 113, 150)","(200, 136, 163)"
244,1670,13,"(241, 133, 82)","(14, 16, 27)","(217, 225, 233)","(159, 75, 45)","(67, 29, 18)","(39, 17, 28)","(211, 97, 64)","(71, 92, 123)","(150, 168, 186)","(245, 221, 202)"
963,7765,185,"(236, 220, 199)","(194, 160, 132)","(123, 88, 71)","(55, 43, 37)","(37, 39, 42)","(216, 194, 159)","(37, 41, 39)","(84, 86, 90)","(171, 113, 91)","(45, 40, 42)"
451,3429,30,"(35, 28, 24)","(102, 90, 82)","(157, 160, 169)","(205, 209, 216)","(99, 101, 108)","(162, 152, 146)","(210, 208, 209)","(207, 203, 201)","(31, 32, 37)","(95, 88, 90)"
254,1523,24,"(28, 26, 20)","(147, 137, 187)","(195, 155, 130)","(95, 89, 118)","(23, 26, 24)","(125, 113, 161)","(112, 92, 75)","(34, 37, 42)","(245, 244, 228)","(75, 82, 80)"
267,1007,20,"(27, 22, 18)","(246, 245, 243)","(104, 89, 77)","(24, 25, 30)","(158, 152, 145)","(22, 19, 20)","(78, 84, 97)","(239, 236, 238)","(235, 236, 239)","(100, 96, 98)"
423,11090,90,"(28, 19, 10)","(116, 91, 63)","(171, 153, 135)","(11, 17, 12)","(83, 69, 33)","(166, 172, 167)","(207, 213, 210)","(154, 135, 84)","(183, 100, 92)","(167, 170, 173)"
236,736,6,"(178, 168, 122)","(111, 101, 72)","(238, 232, 219)","(127, 164, 197)","(156, 156, 64)","(79, 93, 112)","(48, 37, 24)","(27, 32, 44)","(212, 205, 125)","(80, 108, 75)"
273,928,13,"(210, 222, 239)","(43, 40, 16)","(116, 99, 56)","(26, 30, 41)","(78, 78, 23)","(26, 37, 25)","(170, 157, 132)","(75, 90, 100)","(230, 240, 236)","(231, 228, 208)"
105,243,4,"(243, 241, 239)","(64, 117, 51)","(244, 238, 241)","(236, 244, 236)","(241, 242, 245)","(228, 59, 55)","(171, 164, 147)","(135, 78, 71)","(22, 53, 18)","(221, 64, 68)"
756,9374,75,"(178, 169, 150)","(224, 214, 193)","(39, 31, 22)","(107, 98, 80)","(205, 194, 171)","(162, 168, 160)","(28, 31, 45)","(101, 109, 100)","(144, 132, 102)","(212, 218, 212)"
799,3109,34,"(236, 215, 187)","(206, 161, 124)","(46, 30, 21)","(155, 87, 51)","(220, 192, 156)","(208, 105, 54)","(116, 44, 22)","(72, 66, 50)","(216, 184, 170)","(37, 20, 23)"
2131,22412,76,"(245, 244, 231)","(225, 227, 236)","(154, 158, 179)","(87, 92, 117)","(235, 228, 232)","(229, 236, 229)","(174, 156, 167)","(186, 164, 147)","(30, 37, 59)","(183, 186, 208)"
1155,6298,37,"(21, 27, 45)","(236, 234, 225)","(30, 26, 23)","(46, 83, 238)","(15, 47, 159)","(229, 232, 243)","(117, 156, 48)","(110, 100, 64)","(179, 159, 134)","(57, 78, 159)"
1061,8108,25,"(30, 34, 49)","(49, 55, 93)","(71, 78, 106)","(137, 182, 101)","(222, 226, 234)","(191, 152, 117)","(219, 236, 213)","(21, 31, 21)","(237, 224, 210)","(47, 34, 18)"
1606,7102,30,"(245, 244, 240)","(13, 21, 36)","(170, 167, 138)","(88, 96, 109)","(238, 239, 244)","(105, 100, 77)","(149, 154, 166)","(43, 34, 25)","(202, 207, 143)","(234, 228, 231)"
2109,11339,143,"(18, 21, 27)","(130, 161, 58)","(33, 28, 21)","(100, 111, 53)","(165, 174, 108)","(20, 29, 22)","(30, 24, 27)","(237, 236, 198)","(214, 219, 108)","(69, 92, 14)"
1020,3800,16,"(21, 29, 46)","(79, 94, 115)","(117, 89, 72)","(137, 153, 173)","(48, 30, 21)","(213, 225, 238)","(177, 151, 127)","(78, 112, 84)","(130, 177, 125)","(100, 86, 92)"
396,3592,34,"(48, 44, 12)","(111, 96, 53)","(243, 237, 233)","(80, 78, 26)","(186, 153, 135)","(34, 20, 24)","(249, 239, 242)","(175, 22, 4)","(159, 167, 159)","(213, 93, 63)"
1659,5639,19,"(20, 29, 33)","(216, 231, 239)","(22, 22, 17)","(19, 25, 23)","(144, 165, 178)","(76, 99, 111)","(242, 237, 232)","(94, 92, 77)","(84, 95, 92)","(223, 240, 235)"
525,3977,6,"(25, 28, 43)","(182, 165, 107)","(115, 97, 64)","(38, 31, 23)","(240, 237, 229)","(137, 165, 52)","(230, 232, 236)","(81, 86, 103)","(237, 222, 72)","(226, 235, 225)"
1576,7385,30,"(156, 67, 75)","(24, 29, 41)","(217, 224, 240)","(122, 94, 71)","(200, 153, 100)","(43, 37, 29)","(138, 153, 182)","(78, 91, 115)","(49, 30, 36)","(221, 242, 222)"
898,5273,9,"(33, 30, 22)","(240, 239, 232)","(167, 172, 118)","(106, 93, 63)","(48, 31, 46)","(125, 163, 62)","(91, 67, 147)","(29, 28, 49)","(66, 43, 126)","(18, 26, 19)"
747,4635,6,"(11, 26, 50)","(65, 85, 125)","(42, 58, 99)","(135, 154, 187)","(97, 79, 96)","(248, 221, 186)","(200, 210, 227)","(102, 124, 164)","(188, 155, 129)","(122, 96, 82)"
881,2901,20,"(124, 178, 212)","(168, 210, 239)","(65, 101, 129)","(26, 53, 72)","(75, 97, 84)","(150, 202, 228)","(34, 58, 49)","(103, 107, 66)","(156, 196, 229)","(46, 74, 65)"
445,2642,22,"(40, 28, 22)","(114, 86, 68)","(39, 21, 26)","(114, 73, 82)","(186, 143, 108)","(20, 19, 24)","(18, 26, 18)","(225, 228, 231)","(113, 38, 50)","(105, 46, 37)"
290,2050,5,"(119, 92, 71)","(179, 155, 132)","(41, 26, 34)","(18, 21, 48)","(148, 159, 170)","(81, 91, 114)","(58, 40, 28)","(101, 82, 93)","(151, 164, 159)","(237, 224, 207)"
461,3582,14,"(10, 43, 71)","(52, 88, 146)","(133, 162, 200)","(11, 62, 135)","(233, 210, 192)","(199, 214, 234)","(87, 110, 199)","(194, 163, 145)","(115, 99, 91)","(171, 178, 228)"
159,1017,7,"(127, 91, 56)","(50, 31, 17)","(195, 150, 107)","(199, 137, 27)","(249, 228, 205)","(90, 63, 31)","(106, 50, 27)","(26, 15, 17)","(238, 191, 133)","(167, 114, 94)"
236,549,3,"(228, 218, 207)","(85, 95, 113)","(145, 156, 168)","(176, 162, 147)","(35, 39, 52)","(204, 218, 236)","(107, 97, 82)","(54, 61, 79)","(114, 127, 145)","(55, 49, 41)"
237,998,6,"(27, 22, 9)","(201, 157, 102)","(138, 94, 49)","(233, 206, 174)","(19, 30, 14)","(228, 196, 142)","(177, 129, 67)","(92, 91, 115)","(34, 33, 56)","(71, 72, 36)"
956,7252,15,"(126, 97, 69)","(173, 148, 117)","(140, 168, 186)","(68, 37, 18)","(159, 129, 87)","(28, 40, 50)","(177, 205, 224)","(54, 22, 26)","(146, 156, 152)","(96, 109, 118)"
705,4246,11,"(61, 36, 12)","(3, 10, 8)","(3, 10, 13)","(92, 81, 70)","(173, 166, 140)","(205, 225, 234)","(93, 84, 88)","(228, 222, 207)","(86, 92, 98)","(81, 65, 38)"
420,3181,9,"(28, 6, 23)","(18, 7, 4)","(13, 11, 39)","(134, 66, 131)","(206, 158, 96)","(139, 94, 49)","(200, 127, 197)","(199, 224, 246)","(134, 157, 200)","(174, 87, 183)"
177,864,5,"(56, 35, 19)","(127, 91, 51)","(189, 167, 127)","(112, 173, 227)","(220, 196, 147)","(51, 101, 132)","(95, 65, 23)","(235, 212, 176)","(21, 42, 57)","(157, 136, 78)"
251,986,2,"(21, 23, 42)","(221, 139, 92)","(139, 55, 81)","(44, 27, 40)","(57, 51, 94)","(206, 90, 70)","(96, 45, 80)","(169, 76, 60)","(38, 23, 19)","(234, 207, 128)"
1963,4883,6,"(31, 23, 18)","(93, 166, 225)","(106, 94, 82)","(24, 124, 189)","(168, 155, 139)","(191, 223, 245)","(15, 20, 27)","(94, 98, 97)","(24, 15, 18)","(231, 218, 197)"
3729,13284,30,"(71, 85, 97)","(30, 42, 54)","(105, 92, 76)","(45, 35, 28)","(174, 158, 131)","(51, 64, 79)","(36, 30, 33)","(130, 151, 167)","(237, 228, 203)","(212, 226, 235)"
2642,12976,16,"(134, 87, 49)","(58, 31, 13)","(197, 157, 120)","(148, 167, 195)","(235, 214, 190)","(170, 161, 167)","(3, 174, 240)","(201, 212, 226)","(241, 202, 117)","(192, 129, 48)"
4165,11318,31,"(127, 172, 187)","(48, 115, 126)","(68, 114, 107)","(8, 60, 66)","(199, 216, 221)","(8, 91, 103)","(120, 168, 162)","(87, 149, 140)","(80, 147, 159)","(12, 96, 92)"
2082,7544,15,"(212, 159, 116)","(12, 24, 30)","(226, 211, 198)","(170, 179, 198)","(119, 90, 59)","(198, 197, 209)","(184, 187, 207)","(24, 39, 33)","(208, 201, 205)","(52, 37, 23)"
3280,8315,26,"(212, 207, 201)","(28, 39, 54)","(181, 172, 162)","(138, 171, 201)","(38, 29, 16)","(110, 92, 70)","(70, 90, 108)","(207, 210, 217)","(12, 19, 11)","(42, 59, 92)"
1552,11389,36,"(141, 91, 59)","(176, 144, 119)","(54, 28, 16)","(35, 11, 14)","(176, 114, 83)","(98, 51, 36)","(156, 126, 92)","(87, 64, 33)","(99, 75, 77)","(99, 42, 46)"
3974,29079,27,"(75, 96, 115)","(139, 156, 174)","(33, 46, 68)","(178, 155, 141)","(230, 211, 195)","(200, 213, 224)","(124, 104, 94)","(49, 61, 85)","(111, 125, 150)","(103, 94, 100)"
1355,5815,7,"(211, 208, 201)","(205, 218, 236)","(181, 169, 152)","(204, 214, 209)","(119, 101, 76)","(153, 164, 177)","(212, 207, 209)","(66, 98, 133)","(156, 171, 160)","(15, 28, 56)"
1611,5664,8,"(192, 226, 244)","(133, 177, 200)","(39, 33, 17)","(21, 39, 21)","(20, 31, 45)","(106, 98, 70)","(75, 99, 119)","(81, 104, 84)","(170, 164, 134)","(145, 169, 155)"
3475,8427,26,"(51, 31, 26)","(130, 70, 100)","(61, 35, 46)","(85, 71, 126)","(237, 121, 89)","(89, 48, 73)","(211, 93, 83)","(184, 93, 102)","(136, 74, 62)","(66, 52, 104)"
1918,5806,13,"(239, 224, 199)","(196, 161, 120)","(33, 100, 170)","(119, 99, 63)","(122, 166, 198)","(202, 222, 235)","(45, 40, 14)","(22, 27, 48)","(225, 213, 221)","(173, 149, 51)"
352,2247,13,"(235, 244, 250)","(244, 254, 253)","(103, 93, 88)","(46, 37, 33)","(167, 155, 148)","(99, 88, 93)","(45, 40, 42)","(168, 153, 160)","(223, 210, 202)","(165, 163, 169)"
576,6448,52,"(120, 101, 89)","(168, 150, 135)","(67, 51, 41)","(225, 207, 192)","(141, 127, 110)","(79, 59, 50)","(144, 123, 112)","(213, 191, 165)","(155, 151, 153)","(207, 186, 178)"
459,4336,26,"(10, 43, 70)","(38, 105, 143)","(11, 178, 222)","(135, 159, 181)","(181, 149, 160)","(203, 217, 229)","(229, 207, 214)","(113, 89, 99)","(45, 63, 87)","(237, 212, 207)"
613,5824,47,"(4, 102, 187)","(3, 36, 86)","(2, 63, 141)","(111, 169, 203)","(114, 86, 103)","(184, 223, 241)","(171, 135, 148)","(49, 153, 193)","(58, 39, 59)","(151, 113, 128)"
38732,151067,122,"(133, 94, 44)","(69, 48, 21)","(196, 151, 96)","(176, 131, 63)","(89, 65, 30)","(234, 217, 191)","(219, 193, 153)","(87, 92, 87)","(42, 46, 43)","(87, 92, 94)"
1352,11967,84,"(41, 46, 54)","(108, 92, 76)","(41, 33, 28)","(172, 155, 138)","(66, 72, 82)","(230, 216, 203)","(24, 21, 22)","(57, 62, 73)","(93, 89, 90)","(150, 127, 98)"
685,4537,20,"(192, 156, 129)","(113, 94, 80)","(246, 200, 157)","(48, 38, 32)","(36, 38, 48)","(79, 85, 99)","(243, 190, 133)","(32, 28, 31)","(93, 89, 92)","(55, 61, 77)"
209,1367,1,"(108, 103, 63)","(177, 157, 136)","(47, 42, 20)","(70, 76, 37)","(33, 49, 27)","(139, 138, 87)","(226, 213, 203)","(71, 94, 70)","(161, 170, 179)","(210, 214, 221)"
340,2481,20,"(200, 148, 122)","(131, 82, 67)","(242, 213, 196)","(51, 39, 32)","(202, 96, 71)","(114, 43, 33)","(231, 174, 159)","(204, 138, 148)","(225, 206, 209)","(106, 78, 81)"
98,512,1,"(131, 101, 83)","(170, 152, 133)","(221, 207, 185)","(58, 40, 35)","(151, 159, 172)","(144, 127, 107)","(24, 26, 30)","(209, 193, 168)","(88, 53, 46)","(166, 158, 164)"
205,438,4,"(20, 24, 6)","(16, 27, 14)","(170, 166, 128)","(106, 102, 69)","(140, 141, 92)","(69, 75, 35)","(196, 201, 162)","(79, 95, 75)","(211, 221, 232)","(220, 211, 191)"
345,783,8,"(120, 94, 67)","(57, 49, 29)","(176, 147, 123)","(78, 67, 40)","(231, 234, 239)","(223, 210, 199)","(157, 159, 167)","(156, 127, 92)","(152, 148, 150)","(229, 233, 231)"
395,2458,10,"(32, 26, 19)","(114, 88, 75)","(32, 36, 33)","(228, 233, 237)","(29, 36, 45)","(178, 142, 125)","(82, 87, 84)","(91, 100, 107)","(147, 158, 172)","(235, 219, 209)"
246,1542,5,"(43, 29, 18)","(113, 84, 68)","(185, 155, 130)","(233, 208, 191)","(110, 99, 108)","(154, 156, 169)","(3, 17, 32)","(207, 214, 225)","(161, 147, 155)","(16, 27, 15)"
223,1092,2,"(21, 39, 18)","(76, 104, 72)","(43, 33, 21)","(119, 83, 66)","(19, 31, 39)","(48, 76, 42)","(70, 82, 92)","(126, 153, 125)","(187, 136, 115)","(111, 142, 104)"
242,558,1,"(41, 39, 21)","(109, 95, 68)","(173, 159, 135)","(231, 227, 213)","(71, 72, 41)","(29, 38, 25)","(143, 135, 96)","(230, 232, 237)","(233, 240, 235)","(85, 97, 84)"
299,1047,3,"(26, 27, 14)","(21, 33, 15)","(221, 226, 231)","(115, 93, 70)","(173, 152, 136)","(13, 30, 43)","(85, 99, 83)","(154, 166, 156)","(203, 214, 210)","(164, 173, 176)"
317,1991,5,"(189, 156, 127)","(51, 39, 26)","(230, 206, 190)","(120, 94, 68)","(153, 158, 176)","(197, 208, 222)","(155, 131, 90)","(181, 189, 207)","(158, 150, 156)","(107, 107, 121)"
317,2450,5,"(37, 31, 21)","(134, 82, 57)","(196, 149, 120)","(231, 225, 221)","(202, 103, 63)","(113, 46, 25)","(74, 66, 47)","(87, 101, 84)","(152, 164, 154)","(28, 38, 26)"
658,3069,23,"(82, 47, 14)","(125, 80, 33)","(100, 61, 20)","(216, 153, 80)","(187, 126, 56)","(248, 195, 115)","(252, 206, 140)","(98, 55, 31)","(44, 15, 21)","(173, 115, 85)"
699,1701,14,"(172, 81, 6)","(71, 27, 3)","(230, 120, 6)","(126, 46, 6)","(2, 3, 9)","(11, 2, 6)","(120, 55, 3)","(1, 5, 2)","(223, 129, 50)","(194, 110, 66)"
354,2722,6,"(36, 25, 19)","(110, 91, 79)","(24, 16, 19)","(166, 136, 116)","(91, 82, 85)","(19, 19, 25)","(76, 59, 53)","(146, 122, 111)","(80, 62, 44)","(153, 125, 99)"
455,3214,9,"(48, 21, 10)","(126, 79, 56)","(24, 6, 8)","(185, 132, 106)","(95, 54, 36)","(170, 115, 90)","(96, 59, 29)","(246, 200, 174)","(104, 85, 87)","(230, 179, 158)"
14837,85649,45,"(84, 91, 107)","(36, 41, 54)","(135, 150, 177)","(224, 219, 206)","(172, 168, 159)","(99, 86, 94)","(56, 60, 78)","(114, 124, 149)","(99, 93, 89)","(48, 35, 43)"
682,5460,8,"(144, 144, 152)","(166, 162, 167)","(101, 108, 121)","(122, 125, 137)","(175, 171, 169)","(38, 40, 48)","(204, 210, 220)","(25, 24, 20)","(59, 61, 72)","(28, 25, 28)"
785,4907,15,"(126, 144, 167)","(107, 128, 155)","(96, 117, 139)","(21, 25, 33)","(157, 165, 164)","(42, 26, 37)","(193, 199, 205)","(100, 81, 94)","(24, 24, 20)","(104, 111, 110)"
520,1827,5,"(100, 104, 112)","(133, 134, 138)","(115, 112, 108)","(110, 116, 109)","(133, 132, 129)","(125, 126, 132)","(132, 136, 133)","(114, 110, 112)","(40, 45, 54)","(133, 131, 133)"
638,4206,4,"(1, 54, 109)","(35, 100, 148)","(2, 72, 127)","(129, 160, 185)","(156, 144, 130)","(100, 108, 102)","(112, 105, 91)","(85, 132, 174)","(61, 13, 22)","(48, 21, 15)"
2174,18188,47,"(87, 99, 111)","(137, 151, 166)","(34, 25, 19)","(110, 93, 83)","(31, 37, 45)","(164, 152, 139)","(102, 95, 99)","(37, 21, 24)","(148, 143, 146)","(21, 25, 22)"
2180,10797,20,"(44, 44, 34)","(43, 50, 57)","(42, 48, 44)","(67, 83, 98)","(92, 91, 75)","(71, 81, 76)","(235, 237, 243)","(163, 156, 138)","(50, 63, 82)","(130, 158, 170)"
2338,7875,31,"(32, 32, 30)","(95, 95, 94)","(31, 31, 34)","(153, 153, 152)","(94, 93, 97)","(153, 153, 156)","(215, 215, 213)","(36, 34, 36)","(213, 212, 216)","(93, 90, 92)"
1745,9407,22,"(235, 223, 204)","(4, 118, 224)","(184, 165, 142)","(108, 93, 79)","(49, 31, 21)","(212, 193, 164)","(42, 33, 36)","(37, 38, 46)","(104, 158, 203)","(143, 130, 106)"
2385,14343,22,"(119, 156, 212)","(115, 97, 84)","(175, 158, 126)","(224, 216, 101)","(77, 122, 196)","(63, 95, 153)","(44, 35, 23)","(238, 230, 206)","(195, 209, 229)","(22, 29, 49)"
3870,29232,58,"(21, 20, 43)","(125, 95, 50)","(56, 88, 137)","(169, 148, 50)","(130, 68, 98)","(192, 163, 101)","(65, 29, 53)","(143, 25, 61)","(41, 53, 114)","(129, 153, 204)"
5658,22149,68,"(27, 21, 18)","(135, 89, 70)","(198, 138, 103)","(34, 26, 30)","(113, 87, 97)","(24, 23, 56)","(78, 80, 111)","(194, 96, 80)","(41, 37, 127)","(245, 218, 192)"
1516,12090,15,"(118, 175, 165)","(59, 122, 114)","(84, 153, 142)","(144, 167, 170)","(91, 122, 125)","(199, 207, 211)","(23, 92, 82)","(179, 174, 178)","(167, 203, 196)","(207, 203, 207)"
2599,5980,26,"(20, 16, 8)","(182, 154, 121)","(131, 100, 70)","(121, 159, 199)","(170, 130, 75)","(207, 197, 203)","(214, 198, 191)","(201, 187, 185)","(15, 23, 17)","(199, 187, 190)"
1312,4094,24,"(179, 167, 147)","(120, 97, 72)","(116, 165, 209)","(189, 220, 242)","(214, 208, 193)","(56, 35, 19)","(201, 194, 175)","(150, 132, 94)","(153, 194, 235)","(68, 113, 153)"
2383,9993,44,"(27, 99, 162)","(115, 102, 66)","(124, 157, 200)","(182, 156, 123)","(49, 41, 15)","(148, 139, 83)","(184, 205, 230)","(235, 217, 194)","(74, 98, 85)","(73, 127, 195)"
2094,15294,48,"(157, 172, 185)","(192, 155, 130)","(239, 209, 187)","(126, 97, 73)","(191, 203, 214)","(56, 34, 16)","(180, 192, 205)","(94, 112, 127)","(160, 169, 165)","(78, 66, 40)"
1254,6827,35,"(123, 87, 63)","(59, 40, 21)","(56, 95, 108)","(176, 135, 109)","(42, 54, 63)","(85, 67, 31)","(165, 117, 94)","(66, 78, 76)","(50, 69, 74)","(88, 57, 41)"
6263,27271,105,"(218, 134, 108)","(135, 83, 67)","(13, 19, 23)","(207, 97, 67)","(41, 30, 23)","(24, 32, 29)","(73, 88, 81)","(240, 165, 153)","(29, 21, 24)","(89, 63, 65)"
2206,10783,79,"(179, 164, 142)","(125, 97, 65)","(58, 36, 16)","(202, 212, 226)","(215, 209, 196)","(156, 166, 178)","(159, 167, 161)","(90, 100, 110)","(154, 133, 85)","(208, 194, 165)"
4331,28441,21,"(3, 24, 20)","(21, 18, 7)","(111, 102, 60)","(173, 163, 118)","(147, 137, 89)","(79, 71, 35)","(75, 108, 76)","(140, 170, 142)","(228, 222, 183)","(206, 200, 158)"
6243,28309,47,"(5, 16, 24)","(200, 217, 208)","(210, 210, 191)","(149, 165, 158)","(179, 212, 219)","(18, 30, 27)","(179, 164, 145)","(108, 103, 86)","(98, 107, 102)","(155, 186, 192)"
3809,17285,11,"(90, 106, 113)","(177, 163, 148)","(112, 103, 90)","(217, 207, 198)","(93, 102, 98)","(18, 25, 31)","(153, 165, 159)","(129, 149, 161)","(205, 219, 214)","(45, 39, 32)"
2776,19174,18,"(10, 30, 47)","(27, 19, 15)","(127, 91, 68)","(189, 151, 120)","(60, 104, 141)","(37, 22, 38)","(124, 161, 188)","(228, 205, 182)","(113, 72, 104)","(130, 182, 175)"
5305,19112,26,"(112, 100, 76)","(142, 157, 191)","(30, 25, 18)","(173, 157, 126)","(196, 136, 162)","(86, 93, 121)","(128, 114, 162)","(190, 212, 227)","(26, 36, 46)","(143, 135, 100)"
3073,23973,32,"(14, 29, 52)","(206, 151, 102)","(132, 91, 68)","(32, 18, 13)","(61, 14, 22)","(246, 236, 227)","(6, 44, 40)","(135, 26, 44)","(61, 91, 137)","(131, 148, 213)"
2444,16689,17,"(8, 18, 23)","(155, 62, 81)","(199, 85, 110)","(208, 130, 145)","(238, 224, 221)","(242, 212, 218)","(48, 18, 23)","(124, 33, 50)","(19, 11, 10)","(233, 166, 178)"
14876,31387,39,"(177, 149, 131)","(132, 96, 75)","(34, 26, 20)","(128, 171, 194)","(68, 109, 166)","(155, 183, 181)","(106, 117, 167)","(165, 116, 94)","(6, 9, 7)","(162, 151, 158)"
3904,26098,12,"(62, 10, 22)","(44, 38, 17)","(47, 118, 69)","(20, 49, 28)","(239, 222, 203)","(122, 94, 53)","(21, 93, 47)","(190, 161, 124)","(44, 168, 114)","(75, 73, 31)"
13543,76093,48,"(140, 75, 97)","(180, 140, 157)","(175, 101, 125)","(25, 31, 37)","(150, 153, 169)","(133, 96, 77)","(88, 96, 118)","(51, 31, 39)","(114, 38, 56)","(184, 139, 123)"
3837,29518,17,"(10, 20, 41)","(117, 92, 78)","(176, 151, 134)","(41, 30, 25)","(45, 100, 148)","(219, 207, 196)","(114, 162, 195)","(29, 23, 26)","(82, 104, 93)","(138, 166, 153)"
14291,34189,60,"(172, 154, 142)","(118, 100, 86)","(36, 27, 22)","(43, 62, 87)","(119, 171, 195)","(34, 48, 64)","(71, 102, 121)","(149, 167, 160)","(209, 200, 193)","(97, 109, 103)"
164,871,6,"(13, 19, 15)","(25, 119, 149)","(17, 175, 212)","(4, 48, 62)","(39, 34, 22)","(76, 177, 196)","(5, 84, 110)","(118, 91, 67)","(244, 247, 245)","(96, 84, 86)"
22,155,2,"(241, 240, 239)","(220, 223, 230)","(172, 166, 160)","(111, 96, 86)","(212, 208, 211)","(42, 33, 29)","(163, 169, 179)","(21, 27, 41)","(175, 167, 169)","(82, 94, 115)"
17,154,4,"(217, 216, 215)","(225, 225, 228)","(172, 168, 164)","(117, 105, 98)","(213, 210, 212)","(176, 176, 179)","(12, 11, 14)","(175, 172, 174)","(32, 24, 21)","(13, 10, 13)"
240,498,2,"(40, 38, 36)","(12, 14, 18)","(89, 77, 70)","(30, 33, 31)","(46, 12, 17)","(133, 23, 29)","(68, 66, 55)","(138, 24, 19)","(155, 57, 62)","(202, 130, 121)"
64,410,3,"(13, 18, 13)","(22, 25, 17)","(97, 97, 86)","(157, 155, 146)","(84, 90, 84)","(216, 215, 214)","(220, 221, 223)","(131, 131, 118)","(156, 160, 156)","(210, 213, 211)"
59,164,0,"(26, 26, 26)","(8, 8, 12)","(9, 7, 10)","(86, 86, 86)","(22, 25, 24)","(73, 87, 91)","(153, 148, 147)","(73, 86, 85)","(116, 82, 84)","(102, 44, 42)"
53,207,6,"(39, 40, 36)","(34, 39, 34)","(93, 96, 95)","(91, 88, 87)","(132, 136, 135)","(142, 132, 130)","(124, 129, 127)","(60, 65, 63)","(213, 87, 73)","(108, 44, 36)"
40,318,4,"(211, 211, 211)","(11, 11, 11)","(31, 32, 34)","(221, 219, 220)","(9, 6, 7)","(206, 208, 207)","(23, 25, 24)","(177, 177, 177)","(202, 202, 204)","(171, 172, 174)"
79,672,7,"(39, 34, 34)","(234, 225, 213)","(69, 8, 17)","(145, 74, 54)","(221, 147, 91)","(149, 8, 16)","(159, 22, 14)","(230, 221, 224)","(239, 194, 129)","(212, 97, 54)"
91,584,6,"(37, 37, 37)","(90, 90, 90)","(221, 221, 221)","(158, 158, 158)","(219, 217, 218)","(36, 34, 35)","(157, 155, 156)","(98, 96, 97)","(210, 212, 211)","(129, 126, 127)"
743,4993,21,"(23, 28, 32)","(37, 37, 37)","(222, 222, 222)","(225, 225, 230)","(92, 98, 93)","(89, 89, 88)","(88, 94, 96)","(155, 159, 163)","(150, 155, 152)","(32, 38, 37)"
116,878,1,"(16, 14, 11)","(89, 93, 103)","(26, 28, 32)","(9, 12, 10)","(222, 225, 236)","(146, 150, 163)","(102, 89, 79)","(169, 149, 140)","(170, 156, 159)","(224, 213, 218)"
182,930,21,"(162, 189, 201)","(221, 236, 243)","(46, 98, 153)","(16, 28, 60)","(236, 249, 248)","(184, 163, 146)","(15, 51, 131)","(221, 210, 201)","(117, 97, 81)","(42, 32, 20)"
391,4487,46,"(61, 129, 56)","(130, 73, 89)","(33, 31, 54)","(83, 156, 84)","(224, 224, 233)","(122, 174, 127)","(57, 29, 43)","(87, 87, 113)","(179, 76, 43)","(154, 154, 174)"
50,298,0,"(121, 82, 72)","(40, 25, 20)","(23, 22, 32)","(46, 34, 45)","(88, 88, 98)","(194, 144, 131)","(237, 215, 208)","(95, 81, 92)","(233, 220, 223)","(18, 32, 21)"
93,698,4,"(224, 227, 239)","(164, 15, 12)","(67, 24, 15)","(179, 169, 120)","(157, 176, 57)","(184, 12, 17)","(232, 222, 213)","(132, 83, 59)","(234, 217, 227)","(232, 51, 62)"
547,3401,30,"(8, 23, 69)","(12, 20, 160)","(59, 95, 133)","(128, 88, 50)","(126, 156, 195)","(188, 161, 121)","(52, 30, 12)","(112, 76, 97)","(203, 220, 241)","(57, 34, 50)"
219,603,8,"(237, 229, 223)","(29, 31, 49)","(83, 87, 114)","(193, 165, 148)","(47, 31, 26)","(151, 156, 178)","(214, 219, 231)","(123, 80, 66)","(50, 22, 35)","(125, 74, 98)"
135,816,14,"(13, 12, 8)","(174, 182, 190)","(67, 76, 87)","(116, 84, 64)","(68, 73, 41)","(24, 26, 32)","(183, 190, 203)","(38, 20, 23)","(195, 147, 120)","(212, 86, 55)"
149,542,5,"(127, 75, 109)","(145, 16, 41)","(74, 88, 138)","(139, 150, 203)","(76, 28, 50)","(35, 38, 57)","(175, 132, 160)","(109, 113, 176)","(208, 209, 242)","(163, 102, 137)"
84,584,2,"(8, 22, 47)","(43, 24, 35)","(221, 224, 237)","(123, 78, 96)","(62, 90, 138)","(137, 154, 196)","(140, 78, 63)","(206, 141, 119)","(182, 143, 159)","(19, 52, 125)"
260,4106,47,"(243, 236, 240)","(249, 241, 239)","(205, 147, 119)","(164, 76, 48)","(226, 65, 57)","(20, 13, 10)","(21, 14, 17)","(240, 239, 244)","(126, 76, 80)","(174, 154, 158)"
202,1064,14,"(46, 19, 31)","(37, 19, 16)","(241, 232, 226)","(241, 224, 235)","(124, 74, 95)","(196, 157, 113)","(158, 69, 53)","(186, 143, 165)","(130, 30, 47)","(196, 77, 98)"
504,2363,30,"(17, 23, 60)","(79, 88, 124)","(27, 38, 143)","(141, 155, 184)","(220, 229, 239)","(124, 98, 68)","(183, 154, 115)","(97, 110, 178)","(99, 85, 96)","(39, 27, 15)"
12716,77936,113,"(48, 38, 32)","(82, 107, 91)","(122, 173, 183)","(107, 83, 67)","(120, 157, 144)","(106, 141, 129)","(49, 59, 46)","(195, 146, 113)","(86, 119, 124)","(56, 70, 54)"
10083,77576,32,"(109, 191, 165)","(119, 177, 202)","(43, 185, 151)","(193, 167, 116)","(195, 230, 245)","(29, 113, 162)","(132, 219, 194)","(104, 225, 233)","(52, 132, 79)","(170, 10, 42)"
-1,103,10,"(100, 167, 225)","(62, 93, 130)","(232, 212, 235)","(49, 47, 60)","(218, 215, 244)","(217, 142, 125)","(150, 26, 38)","(66, 135, 197)","(163, 184, 241)","(237, 170, 158)"
15747,65744,84,"(8, 50, 81)","(36, 95, 126)","(196, 212, 218)","(139, 176, 190)","(202, 153, 132)","(9, 82, 111)","(139, 84, 72)","(26, 67, 105)","(172, 198, 207)","(77, 145, 165)"
15169,114488,40,"(165, 78, 36)","(58, 128, 47)","(93, 207, 221)","(202, 234, 242)","(120, 218, 231)","(192, 158, 111)","(94, 155, 76)","(232, 218, 203)","(175, 24, 7)","(145, 150, 72)"
-1,2445,49,"(68, 97, 90)","(42, 125, 138)","(132, 84, 60)","(160, 225, 252)","(104, 172, 204)","(45, 60, 52)","(186, 149, 176)","(46, 74, 68)","(49, 157, 185)","(240, 203, 243)"
16986,44451,54,"(244, 213, 229)","(113, 181, 225)","(247, 200, 184)","(234, 144, 76)","(190, 209, 225)","(187, 5, 23)","(211, 68, 15)","(242, 160, 179)","(240, 78, 35)","(197, 11, 4)"
15259,81378,45,"(151, 60, 85)","(122, 34, 52)","(212, 130, 162)","(195, 86, 120)","(76, 28, 40)","(239, 157, 188)","(40, 35, 50)","(229, 188, 210)","(177, 168, 193)","(187, 185, 207)"
14214,68968,45,"(68, 10, 24)","(67, 82, 131)","(115, 79, 97)","(11, 54, 87)","(118, 29, 43)","(10, 46, 26)","(188, 132, 160)","(39, 59, 110)","(198, 225, 243)","(224, 137, 117)"
10162,78169,54,"(29, 124, 165)","(102, 159, 203)","(40, 130, 92)","(17, 165, 208)","(138, 81, 58)","(49, 167, 124)","(206, 146, 115)","(116, 181, 138)","(161, 17, 29)","(7, 101, 80)"
39435,119592,218,"(123, 80, 93)","(174, 142, 166)","(69, 21, 30)","(142, 72, 59)","(124, 27, 39)","(166, 157, 190)","(73, 33, 27)","(213, 134, 107)","(158, 109, 128)","(186, 179, 214)"
20049,66782,67,"(122, 184, 201)","(134, 116, 23)","(153, 145, 44)","(186, 175, 97)","(150, 211, 219)","(133, 183, 116)","(251, 158, 170)","(213, 215, 82)","(247, 199, 175)","(105, 101, 10)"
20,43,0,"(8, 20, 33)","(67, 99, 119)","(4, 4, 4)","(4, 2, 3)","(131, 155, 161)","(103, 136, 147)","(167, 179, 177)","(38, 66, 92)","(193, 197, 195)","(5, 10, 9)"
23,120,0,"(12, 24, 38)","(63, 94, 115)","(4, 4, 4)","(126, 152, 160)","(173, 182, 178)","(39, 66, 90)","(32, 13, 26)","(141, 53, 79)","(102, 136, 148)","(136, 34, 60)"
118,903,5,"(9, 20, 33)","(63, 96, 116)","(3, 3, 3)","(127, 152, 158)","(156, 171, 170)","(39, 66, 90)","(103, 136, 146)","(184, 186, 181)","(6, 3, 7)","(3, 6, 5)"
44,252,0,"(18, 26, 35)","(4, 3, 2)","(75, 90, 101)","(4, 2, 3)","(141, 158, 163)","(156, 166, 164)","(103, 114, 112)","(51, 64, 78)","(170, 172, 165)","(201, 204, 202)"
28,66,0,"(16, 24, 34)","(4, 3, 2)","(4, 2, 3)","(76, 89, 97)","(170, 175, 172)","(209, 209, 203)","(170, 171, 163)","(197, 200, 197)","(101, 111, 109)","(146, 157, 160)"
374,2435,5,"(17, 25, 36)","(4, 3, 2)","(80, 98, 109)","(4, 2, 3)","(166, 174, 172)","(141, 157, 162)","(171, 172, 166)","(51, 63, 78)","(195, 199, 197)","(206, 206, 200)"
136,1078,0,"(67, 95, 123)","(13, 21, 33)","(129, 149, 179)","(52, 31, 27)","(36, 22, 27)","(116, 80, 71)","(103, 127, 159)","(103, 84, 93)","(183, 142, 133)","(205, 219, 234)"
12,51,0,"(56, 82, 105)","(29, 45, 59)","(43, 66, 87)","(139, 163, 184)","(193, 215, 234)","(43, 68, 83)","(105, 129, 152)","(171, 193, 214)","(237, 255, 255)","(172, 196, 210)"
18,119,0,"(53, 84, 114)","(21, 46, 66)","(58, 32, 26)","(37, 66, 94)","(120, 80, 73)","(50, 30, 33)","(181, 138, 134)","(88, 53, 46)","(3, 10, 9)","(158, 113, 108)"
15,55,0,"(12, 21, 29)","(4, 10, 9)","(16, 10, 9)","(57, 83, 107)","(111, 79, 72)","(138, 159, 177)","(43, 65, 87)","(201, 221, 236)","(31, 24, 26)","(84, 55, 48)"
13,64,0,"(10, 21, 31)","(0, 0, 0)","(2, 5, 4)","(57, 80, 100)","(41, 66, 89)","(131, 146, 158)","(203, 224, 239)","(5, 1, 6)","(115, 129, 141)","(44, 68, 82)"
105,364,0,"(226, 231, 235)","(164, 157, 165)","(103, 93, 106)","(32, 36, 46)","(88, 85, 96)","(202, 196, 203)","(62, 60, 72)","(132, 123, 135)","(151, 151, 160)","(56, 47, 58)"
130,580,0,"(160, 161, 167)","(211, 211, 214)","(42, 37, 35)","(91, 93, 98)","(46, 46, 50)","(167, 159, 163)","(214, 210, 213)","(106, 81, 75)","(240, 239, 238)","(41, 36, 38)"
73,560,0,"(33, 43, 45)","(251, 233, 223)","(34, 44, 43)","(103, 92, 87)","(40, 37, 35)","(168, 147, 138)","(69, 82, 85)","(79, 94, 91)","(41, 36, 38)","(50, 69, 72)"
159,528,2,"(35, 32, 30)","(69, 98, 111)","(251, 210, 153)","(41, 38, 39)","(32, 40, 46)","(118, 147, 157)","(222, 162, 103)","(246, 192, 125)","(124, 84, 55)","(103, 137, 147)"
326,1841,11,"(13, 47, 72)","(40, 93, 128)","(235, 241, 249)","(251, 249, 248)","(116, 84, 69)","(44, 33, 28)","(247, 240, 242)","(28, 24, 26)","(184, 153, 135)","(126, 167, 197)"
287,1627,0,"(9, 4, 1)","(178, 78, 16)","(6, 13, 3)","(141, 37, 4)","(201, 143, 87)","(2, 3, 5)","(194, 124, 47)","(11, 1, 2)","(239, 214, 191)","(88, 73, 17)"
628,4550,12,"(42, 39, 33)","(105, 93, 77)","(36, 44, 38)","(175, 152, 133)","(76, 93, 77)","(235, 234, 227)","(152, 165, 148)","(72, 68, 46)","(32, 29, 30)","(26, 28, 33)"
338,1628,7,"(40, 30, 27)","(19, 20, 23)","(96, 80, 69)","(38, 31, 32)","(80, 80, 88)","(81, 92, 83)","(88, 79, 83)","(43, 48, 44)","(89, 53, 44)","(168, 151, 139)"
575,2344,11,"(241, 240, 240)","(162, 155, 145)","(105, 95, 83)","(41, 38, 34)","(40, 36, 38)","(160, 129, 85)","(100, 96, 98)","(149, 146, 147)","(30, 31, 33)","(78, 65, 44)"
407,2953,5,"(121, 88, 70)","(51, 40, 33)","(222, 215, 217)","(236, 236, 238)","(231, 226, 226)","(183, 140, 117)","(37, 32, 33)","(173, 162, 164)","(161, 118, 97)","(83, 58, 46)"
165,1063,2,"(18, 52, 64)","(56, 95, 110)","(6, 90, 106)","(105, 93, 98)","(241, 253, 252)","(209, 239, 243)","(55, 160, 174)","(55, 63, 74)","(104, 183, 195)","(155, 139, 146)"
324,1566,12,"(87, 100, 103)","(120, 84, 69)","(247, 213, 180)","(47, 39, 37)","(211, 152, 109)","(38, 41, 44)","(136, 142, 142)","(43, 37, 39)","(144, 149, 153)","(105, 114, 114)"
257687,1913832,560,"(244, 238, 229)","(190, 161, 133)","(114, 95, 69)","(49, 38, 24)","(236, 242, 238)","(33, 31, 39)","(25, 19, 23)","(210, 193, 166)","(73, 69, 44)","(143, 133, 99)"
161649,472621,598,"(241, 237, 232)","(167, 53, 69)","(191, 167, 142)","(42, 34, 19)","(110, 97, 70)","(128, 33, 47)","(196, 68, 86)","(74, 13, 19)","(250, 246, 247)","(210, 192, 166)"
73760,238024,1305,"(242, 230, 222)","(201, 153, 133)","(123, 86, 74)","(241, 245, 244)","(50, 30, 26)","(41, 26, 29)","(226, 201, 209)","(190, 158, 167)","(233, 176, 157)","(167, 111, 99)"
326993,1029222,1031,"(241, 236, 230)","(206, 150, 123)","(154, 87, 62)","(68, 9, 14)","(228, 180, 159)","(180, 109, 84)","(116, 38, 32)","(73, 17, 13)","(116, 27, 31)","(247, 247, 249)"
81096,588681,1310,"(242, 236, 225)","(193, 164, 129)","(125, 94, 65)","(243, 246, 244)","(244, 247, 249)","(217, 196, 154)","(56, 33, 21)","(246, 220, 229)","(154, 19, 40)","(160, 131, 84)"
332416,2386890,5401,"(203, 148, 123)","(244, 237, 234)","(249, 244, 245)","(124, 93, 73)","(42, 32, 28)","(39, 33, 35)","(16, 19, 23)","(222, 181, 166)","(97, 86, 88)","(179, 133, 61)"
96046,453161,417,"(242, 236, 223)","(192, 158, 129)","(246, 250, 248)","(130, 94, 69)","(211, 194, 163)","(62, 42, 31)","(237, 228, 230)","(60, 18, 26)","(242, 243, 245)","(196, 135, 44)"
242460,1709237,2604,"(239, 230, 219)","(187, 158, 131)","(114, 96, 71)","(52, 40, 28)","(138, 136, 102)","(73, 70, 45)","(206, 193, 170)","(29, 19, 22)","(90, 102, 86)","(239, 242, 239)"
199291,796216,650,"(228, 223, 215)","(238, 240, 243)","(181, 164, 149)","(127, 99, 80)","(169, 171, 173)","(234, 237, 236)","(8, 14, 19)","(234, 231, 233)","(43, 27, 19)","(206, 191, 174)"
183753,1382346,239,"(233, 230, 225)","(180, 161, 145)","(121, 94, 77)","(48, 30, 23)","(31, 16, 21)","(242, 239, 240)","(206, 193, 171)","(132, 157, 177)","(76, 106, 128)","(18, 24, 35)"
323508,2039710,674,"(204, 220, 231)","(186, 163, 147)","(224, 206, 193)","(29, 28, 39)","(109, 96, 87)","(43, 36, 41)","(167, 168, 173)","(81, 76, 78)","(59, 41, 35)","(76, 77, 83)"
270251,1964689,1337,"(239, 233, 226)","(242, 245, 247)","(246, 230, 234)","(192, 157, 138)","(127, 93, 74)","(28, 33, 49)","(223, 228, 227)","(60, 33, 21)","(169, 179, 183)","(193, 151, 157)"
7360,39269,38,"(26, 13, 4)","(137, 95, 41)","(192, 157, 106)","(177, 134, 55)","(106, 69, 8)","(238, 230, 203)","(229, 202, 129)","(207, 211, 229)","(169, 154, 162)","(29, 15, 19)"
3977,18871,29,"(215, 156, 90)","(220, 127, 21)","(152, 98, 43)","(17, 26, 41)","(234, 214, 196)","(212, 225, 241)","(56, 41, 24)","(231, 192, 131)","(131, 172, 209)","(100, 79, 10)"
2874,13038,15,"(225, 222, 216)","(175, 170, 161)","(29, 24, 20)","(114, 85, 63)","(148, 175, 172)","(195, 193, 184)","(215, 224, 219)","(170, 200, 202)","(116, 134, 128)","(108, 125, 119)"
2248,7827,13,"(227, 225, 220)","(219, 224, 220)","(195, 161, 134)","(52, 90, 116)","(150, 89, 44)","(51, 27, 8)","(12, 53, 87)","(226, 230, 235)","(8, 72, 124)","(88, 103, 96)"
8176,59392,28,"(189, 175, 155)","(133, 106, 64)","(218, 203, 183)","(210, 192, 165)","(175, 140, 61)","(38, 35, 15)","(218, 233, 230)","(43, 49, 42)","(69, 74, 68)","(77, 70, 37)"
2177,13115,13,"(233, 223, 207)","(180, 162, 133)","(4, 45, 23)","(115, 98, 63)","(215, 222, 228)","(216, 224, 221)","(169, 176, 170)","(158, 135, 80)","(60, 98, 82)","(38, 41, 13)"
2002,4867,9,"(223, 216, 208)","(191, 167, 148)","(128, 83, 52)","(72, 32, 14)","(233, 243, 239)","(232, 237, 241)","(220, 216, 218)","(40, 24, 28)","(204, 191, 176)","(94, 53, 37)"
5315,33341,22,"(190, 162, 132)","(228, 209, 187)","(145, 99, 59)","(213, 191, 165)","(22, 35, 27)","(36, 22, 10)","(66, 77, 85)","(160, 128, 88)","(23, 33, 40)","(84, 69, 33)"
6009,47087,24,"(211, 170, 129)","(73, 84, 96)","(232, 217, 201)","(215, 219, 218)","(31, 28, 25)","(38, 42, 47)","(225, 191, 151)","(91, 78, 68)","(215, 222, 226)","(65, 69, 68)"
5770,23340,17,"(238, 222, 207)","(220, 158, 97)","(37, 49, 33)","(184, 147, 42)","(157, 100, 36)","(221, 196, 138)","(29, 26, 16)","(244, 91, 31)","(74, 80, 92)","(35, 46, 62)"
1509,4641,6,"(231, 223, 214)","(199, 154, 121)","(140, 91, 39)","(27, 16, 9)","(182, 127, 65)","(137, 153, 197)","(7, 12, 52)","(213, 215, 228)","(207, 191, 173)","(2, 4, 2)"
2676,21361,23,"(177, 168, 157)","(162, 84, 13)","(230, 227, 220)","(41, 40, 10)","(79, 74, 26)","(200, 194, 178)","(18, 35, 19)","(158, 136, 75)","(251, 252, 254)","(248, 253, 251)"
659,5877,53,"(237, 229, 215)","(46, 29, 19)","(118, 88, 66)","(188, 158, 136)","(224, 226, 232)","(228, 224, 226)","(161, 157, 160)","(20, 16, 17)","(208, 192, 170)","(84, 63, 38)"
794,2987,28,"(225, 221, 205)","(41, 32, 41)","(230, 235, 229)","(156, 174, 196)","(98, 101, 73)","(190, 208, 218)","(173, 170, 157)","(49, 48, 43)","(71, 87, 104)","(48, 47, 58)"
1695,9989,40,"(237, 242, 238)","(211, 211, 208)","(219, 223, 226)","(44, 44, 44)","(173, 171, 163)","(202, 199, 200)","(84, 83, 92)","(150, 155, 164)","(47, 44, 55)","(177, 169, 171)"
204,1221,3,"(30, 123, 146)","(129, 173, 191)","(23, 170, 191)","(46, 32, 41)","(201, 223, 236)","(227, 218, 204)","(96, 85, 92)","(114, 85, 71)","(31, 40, 60)","(56, 42, 38)"
133,338,3,"(252, 252, 251)","(108, 104, 73)","(218, 220, 222)","(191, 148, 133)","(143, 135, 93)","(52, 51, 37)","(68, 75, 41)","(224, 227, 226)","(88, 104, 78)","(222, 177, 169)"
628,2182,16,"(35, 26, 30)","(115, 91, 78)","(37, 38, 45)","(41, 33, 29)","(242, 227, 212)","(150, 58, 67)","(225, 50, 58)","(182, 16, 36)","(32, 48, 40)","(78, 81, 90)"
782,2834,34,"(12, 10, 9)","(230, 230, 239)","(11, 11, 15)","(38, 24, 26)","(251, 250, 249)","(244, 241, 243)","(112, 73, 79)","(85, 91, 110)","(168, 173, 189)","(91, 48, 54)"
1000,5739,18,"(40, 33, 23)","(152, 161, 173)","(201, 206, 210)","(83, 96, 109)","(48, 56, 60)","(176, 166, 163)","(164, 158, 161)","(45, 49, 48)","(109, 82, 74)","(115, 126, 146)"
1364,8490,31,"(115, 164, 237)","(54, 88, 138)","(18, 41, 73)","(136, 188, 253)","(31, 61, 107)","(83, 123, 189)","(159, 207, 252)","(211, 149, 113)","(99, 79, 89)","(128, 87, 72)"
1588,5114,15,"(44, 36, 29)","(110, 88, 70)","(216, 214, 210)","(207, 216, 220)","(175, 149, 127)","(211, 217, 216)","(141, 161, 167)","(82, 107, 115)","(147, 168, 165)","(96, 87, 90)"
826,2979,30,"(231, 223, 202)","(186, 211, 223)","(148, 177, 204)","(175, 169, 151)","(48, 44, 34)","(33, 33, 44)","(102, 101, 66)","(36, 29, 33)","(204, 195, 172)","(220, 228, 222)"
6976,26439,37,"(148, 164, 181)","(101, 111, 125)","(116, 127, 141)","(19, 25, 38)","(186, 198, 214)","(54, 61, 78)","(179, 191, 208)","(114, 100, 79)","(39, 28, 36)","(31, 23, 18)"
5022,39661,24,"(154, 173, 196)","(83, 95, 111)","(171, 189, 213)","(33, 43, 58)","(114, 127, 145)","(52, 62, 79)","(185, 200, 221)","(52, 66, 72)","(111, 131, 143)","(174, 196, 208)"
4013,14514,14,"(162, 179, 200)","(182, 200, 220)","(174, 191, 212)","(83, 97, 116)","(24, 35, 52)","(113, 127, 147)","(50, 62, 81)","(18, 8, 13)","(11, 5, 4)","(2, 4, 3)"
2851,18381,33,"(210, 214, 228)","(81, 92, 110)","(153, 161, 176)","(123, 78, 101)","(43, 48, 60)","(182, 188, 207)","(196, 160, 152)","(55, 62, 77)","(180, 145, 162)","(218, 178, 174)"
3494,8279,6,"(222, 225, 233)","(155, 157, 166)","(101, 105, 114)","(245, 245, 245)","(33, 38, 48)","(123, 126, 135)","(187, 189, 200)","(234, 231, 234)","(233, 238, 237)","(179, 171, 162)"
5955,42571,17,"(229, 234, 251)","(146, 159, 193)","(77, 90, 125)","(174, 186, 221)","(16, 21, 46)","(109, 122, 157)","(40, 59, 102)","(130, 65, 44)","(226, 175, 61)","(49, 25, 38)"
6961,34583,31,"(227, 231, 247)","(146, 157, 187)","(88, 97, 121)","(177, 186, 216)","(113, 123, 151)","(32, 39, 57)","(51, 60, 83)","(129, 75, 63)","(116, 91, 104)","(169, 145, 168)"
4000,30423,29,"(171, 175, 180)","(194, 198, 204)","(187, 191, 197)","(94, 97, 103)","(33, 35, 41)","(123, 126, 134)","(175, 181, 181)","(60, 62, 69)","(47, 43, 40)","(46, 42, 45)"
4120,21445,26,"(248, 244, 247)","(244, 244, 244)","(210, 210, 217)","(149, 163, 172)","(13, 39, 56)","(80, 105, 117)","(235, 239, 238)","(19, 49, 43)","(81, 103, 97)","(148, 161, 158)"
44207,95768,121,"(238, 239, 235)","(220, 226, 223)","(101, 98, 85)","(203, 211, 213)","(157, 155, 142)","(49, 48, 38)","(161, 166, 164)","(35, 40, 37)","(94, 98, 96)","(135, 131, 113)"
8168,55818,32,"(220, 225, 224)","(205, 210, 214)","(165, 171, 178)","(105, 97, 85)","(148, 145, 141)","(155, 159, 158)","(55, 51, 44)","(104, 106, 110)","(102, 105, 103)","(185, 191, 200)"
6976,27637,37,"(148, 164, 181)","(101, 111, 125)","(116, 127, 141)","(19, 25, 38)","(186, 198, 214)","(54, 61, 78)","(179, 191, 208)","(114, 100, 79)","(39, 28, 36)","(31, 23, 18)"
5022,33203,24,"(154, 173, 196)","(83, 95, 111)","(171, 189, 213)","(33, 43, 58)","(114, 127, 145)","(52, 62, 79)","(185, 200, 221)","(52, 66, 72)","(111, 131, 143)","(174, 196, 208)"
4013,17492,14,"(162, 179, 200)","(182, 200, 220)","(174, 191, 212)","(83, 97, 116)","(24, 35, 52)","(113, 127, 147)","(50, 62, 81)","(18, 8, 13)","(11, 5, 4)","(2, 4, 3)"
2851,15004,33,"(210, 214, 228)","(81, 92, 110)","(153, 161, 176)","(123, 78, 101)","(43, 48, 60)","(182, 188, 207)","(196, 160, 152)","(55, 62, 77)","(180, 145, 162)","(218, 178, 174)"
3494,16299,6,"(222, 225, 233)","(155, 157, 166)","(101, 105, 114)","(245, 245, 245)","(33, 38, 48)","(123, 126, 135)","(187, 189, 200)","(234, 231, 234)","(233, 238, 237)","(179, 171, 162)"
5955,47835,17,"(229, 234, 251)","(146, 159, 193)","(77, 90, 125)","(174, 186, 221)","(16, 21, 46)","(109, 122, 157)","(40, 59, 102)","(130, 65, 44)","(226, 175, 61)","(49, 25, 38)"
6961,40861,31,"(227, 231, 247)","(146, 157, 187)","(88, 97, 121)","(177, 186, 216)","(113, 123, 151)","(32, 39, 57)","(51, 60, 83)","(129, 75, 63)","(116, 91, 104)","(169, 145, 168)"
4000,28318,29,"(171, 175, 180)","(194, 198, 204)","(187, 191, 197)","(94, 97, 103)","(33, 35, 41)","(123, 126, 134)","(175, 181, 181)","(60, 62, 69)","(47, 43, 40)","(46, 42, 45)"
4120,25667,26,"(248, 244, 247)","(244, 244, 244)","(210, 210, 217)","(149, 163, 172)","(13, 39, 56)","(80, 105, 117)","(235, 239, 238)","(19, 49, 43)","(81, 103, 97)","(148, 161, 158)"
44207,251420,121,"(238, 239, 235)","(220, 226, 223)","(101, 98, 85)","(203, 211, 213)","(157, 155, 142)","(49, 48, 38)","(161, 166, 164)","(35, 40, 37)","(94, 98, 96)","(135, 131, 113)"
8168,44070,32,"(220, 225, 224)","(205, 210, 214)","(165, 171, 178)","(105, 97, 85)","(148, 145, 141)","(155, 159, 158)","(55, 51, 44)","(104, 106, 110)","(102, 105, 103)","(185, 191, 200)"
10038,60943,42,"(148, 154, 161)","(212, 210, 208)","(96, 108, 118)","(195, 196, 198)","(14, 22, 28)","(204, 202, 203)","(177, 175, 172)","(108, 102, 81)","(16, 13, 6)","(190, 191, 193)"
6718,18444,24,"(214, 213, 220)","(51, 47, 36)","(92, 86, 75)","(162, 160, 155)","(218, 214, 217)","(171, 170, 175)","(218, 216, 214)","(71, 65, 52)","(170, 166, 169)","(98, 98, 102)"
1267,9826,46,"(8, 25, 67)","(28, 102, 173)","(7, 56, 140)","(110, 170, 212)","(61, 178, 21)","(190, 238, 7)","(189, 214, 230)","(27, 147, 26)","(200, 242, 44)","(133, 208, 10)"
5610,36210,38,"(161, 176, 194)","(188, 202, 218)","(176, 192, 209)","(85, 96, 113)","(17, 25, 42)","(112, 126, 148)","(55, 62, 76)","(88, 68, 74)","(53, 40, 48)","(75, 57, 62)"
3731,16673,27,"(146, 163, 184)","(66, 86, 117)","(187, 203, 220)","(39, 63, 97)","(20, 31, 51)","(109, 126, 152)","(175, 191, 211)","(18, 14, 18)","(4, 6, 5)","(0, 0, 0)"
5851,47397,25,"(207, 205, 212)","(172, 173, 178)","(82, 90, 98)","(28, 36, 47)","(100, 97, 84)","(190, 190, 196)","(162, 161, 158)","(81, 87, 84)","(171, 167, 170)","(160, 165, 164)"
4965,26765,28,"(210, 210, 209)","(163, 165, 169)","(172, 172, 170)","(98, 97, 94)","(171, 168, 170)","(162, 165, 163)","(207, 205, 207)","(56, 56, 53)","(201, 201, 203)","(101, 98, 100)"
16527,86346,258,"(203, 211, 220)","(152, 164, 181)","(88, 109, 138)","(24, 32, 47)","(109, 125, 152)","(181, 191, 204)","(53, 61, 79)","(43, 49, 45)","(48, 49, 41)","(47, 44, 47)"
5956,37523,32,"(198, 206, 217)","(153, 160, 173)","(94, 100, 111)","(183, 189, 204)","(47, 51, 60)","(164, 78, 55)","(119, 126, 139)","(111, 83, 91)","(172, 155, 163)","(57, 62, 74)"
7875,42979,45,"(150, 77, 52)","(230, 228, 234)","(52, 32, 29)","(84, 89, 92)","(47, 28, 31)","(165, 136, 130)","(158, 164, 168)","(91, 97, 95)","(201, 93, 64)","(48, 51, 54)"
1215,7628,12,"(104, 97, 88)","(162, 156, 146)","(221, 220, 216)","(217, 220, 217)","(51, 45, 39)","(84, 95, 101)","(149, 160, 170)","(33, 45, 53)","(200, 207, 210)","(91, 99, 96)"
5912,15430,46,"(162, 176, 191)","(178, 192, 207)","(86, 97, 115)","(35, 46, 61)","(113, 126, 149)","(181, 195, 211)","(52, 62, 80)","(121, 115, 102)","(95, 87, 95)","(150, 149, 141)"
1641,8444,32,"(121, 161, 202)","(215, 225, 237)","(67, 100, 133)","(21, 30, 46)","(247, 244, 242)","(39, 38, 32)","(95, 89, 77)","(238, 243, 241)","(86, 130, 178)","(164, 191, 224)"
2761,18725,32,"(8, 101, 176)","(215, 219, 231)","(149, 164, 189)","(239, 237, 235)","(180, 188, 210)","(21, 28, 45)","(235, 232, 234)","(165, 162, 158)","(100, 96, 92)","(90, 129, 173)"
1574,11205,2,"(225, 154, 83)","(150, 86, 43)","(82, 31, 4)","(253, 201, 96)","(243, 212, 169)","(208, 123, 38)","(173, 115, 86)","(217, 183, 169)","(110, 52, 19)","(116, 57, 7)"
2026,11610,13,"(154, 163, 176)","(95, 112, 135)","(225, 221, 215)","(173, 170, 166)","(111, 126, 147)","(202, 204, 209)","(35, 47, 62)","(203, 201, 202)","(178, 176, 177)","(46, 64, 84)"
1278,9667,8,"(220, 230, 244)","(125, 169, 216)","(160, 192, 230)","(50, 120, 172)","(66, 135, 194)","(28, 34, 44)","(229, 221, 226)","(235, 224, 218)","(132, 87, 62)","(190, 153, 136)"
1706,9690,5,"(224, 228, 235)","(10, 100, 169)","(185, 5, 31)","(39, 42, 20)","(241, 239, 237)","(20, 27, 20)","(97, 100, 52)","(17, 30, 41)","(147, 166, 187)","(71, 78, 34)"
1560,52479,2178,"(187, 217, 243)","(139, 181, 226)","(154, 194, 235)","(56, 107, 127)","(18, 34, 43)","(40, 29, 23)","(234, 216, 205)","(113, 86, 75)","(189, 152, 136)","(76, 145, 168)"
1079,2450,13,"(74, 95, 109)","(114, 146, 165)","(53, 56, 66)","(57, 62, 74)","(62, 55, 63)","(100, 132, 156)","(155, 149, 135)","(101, 134, 152)","(198, 219, 231)","(115, 121, 119)"
1895,6832,14,"(197, 208, 225)","(152, 167, 189)","(85, 95, 110)","(175, 190, 215)","(31, 41, 54)","(238, 237, 232)","(222, 235, 230)","(117, 125, 143)","(54, 62, 78)","(102, 92, 103)"
1983,70306,2508,"(197, 161, 118)","(230, 222, 208)","(113, 104, 64)","(224, 229, 233)","(149, 146, 81)","(236, 77, 57)","(210, 200, 151)","(209, 217, 212)","(46, 36, 26)","(46, 48, 54)"
1856,66328,2308,"(254, 254, 254)","(60, 14, 26)","(32, 37, 43)","(115, 82, 60)","(120, 31, 54)","(52, 36, 24)","(69, 94, 111)","(200, 142, 108)","(60, 187, 231)","(6, 175, 238)"
1484,4406,14,"(153, 152, 161)","(99, 98, 107)","(47, 46, 55)","(126, 125, 134)","(203, 201, 208)","(105, 99, 108)","(62, 61, 70)","(190, 189, 197)","(159, 153, 162)","(206, 202, 208)"
4002,13617,176,"(155, 153, 147)","(88, 93, 103)","(110, 105, 97)","(138, 138, 142)","(245, 243, 234)","(114, 110, 112)","(48, 34, 22)","(139, 137, 138)","(6, 9, 7)","(204, 199, 168)"
2525,17349,135,"(129, 170, 190)","(193, 207, 208)","(193, 206, 206)","(91, 115, 131)","(38, 55, 64)","(180, 196, 200)","(177, 190, 190)","(100, 136, 151)","(109, 130, 147)","(182, 195, 195)"
3058,17565,144,"(53, 90, 134)","(148, 162, 178)","(12, 43, 78)","(13, 67, 122)","(191, 203, 216)","(110, 127, 150)","(179, 191, 206)","(210, 134, 87)","(52, 24, 43)","(169, 57, 87)"
5666,23001,258,"(52, 97, 152)","(124, 151, 181)","(206, 215, 224)","(80, 127, 182)","(36, 46, 60)","(54, 63, 76)","(181, 191, 204)","(177, 95, 129)","(176, 132, 154)","(203, 137, 120)"
3647,25553,100,"(73, 99, 138)","(206, 209, 213)","(164, 160, 157)","(112, 95, 81)","(163, 168, 177)","(18, 22, 33)","(161, 157, 159)","(97, 92, 94)","(203, 202, 201)","(99, 125, 164)"
2934,25176,77,"(61, 102, 148)","(123, 153, 192)","(210, 222, 234)","(92, 127, 172)","(105, 99, 102)","(17, 24, 40)","(105, 100, 98)","(179, 191, 206)","(152, 141, 145)","(152, 144, 135)"
2987,8479,103,"(31, 84, 138)","(10, 70, 125)","(93, 86, 89)","(13, 48, 82)","(202, 212, 220)","(87, 79, 77)","(166, 173, 180)","(167, 164, 161)","(54, 46, 49)","(56, 47, 46)"
4003,14594,148,"(65, 98, 136)","(202, 208, 216)","(146, 170, 179)","(18, 21, 30)","(92, 74, 79)","(181, 167, 144)","(125, 90, 57)","(68, 29, 36)","(178, 154, 159)","(101, 138, 148)"
2841,26242,99,"(156, 166, 177)","(95, 107, 119)","(18, 28, 19)","(14, 19, 26)","(4, 3, 2)","(194, 204, 215)","(251, 216, 9)","(183, 191, 203)","(79, 89, 83)","(116, 128, 141)"
3388,17257,166,"(146, 159, 178)","(17, 21, 29)","(211, 220, 228)","(79, 102, 113)","(51, 49, 38)","(96, 91, 81)","(183, 189, 205)","(104, 128, 163)","(22, 17, 20)","(160, 154, 148)"
3742,23457,143,"(58, 103, 160)","(106, 152, 203)","(79, 128, 189)","(204, 209, 215)","(34, 35, 25)","(22, 28, 36)","(22, 26, 23)","(87, 83, 68)","(178, 191, 207)","(71, 68, 47)"
3912,23428,171,"(6, 6, 6)","(91, 97, 109)","(13, 16, 24)","(11, 7, 9)","(143, 153, 170)","(210, 218, 234)","(7, 23, 20)","(81, 109, 85)","(240, 85, 106)","(115, 125, 146)"
12908,43147,18,"(114, 95, 85)","(170, 145, 133)","(43, 37, 27)","(82, 101, 76)","(29, 43, 25)","(148, 119, 112)","(150, 170, 142)","(106, 94, 97)","(164, 149, 154)","(146, 156, 176)"
15743,94108,70,"(174, 163, 146)","(113, 98, 61)","(44, 40, 14)","(172, 181, 192)","(81, 76, 26)","(193, 201, 211)","(225, 209, 183)","(153, 141, 73)","(18, 31, 15)","(209, 194, 165)"
6577,34070,39,"(12, 17, 23)","(179, 164, 139)","(106, 112, 64)","(128, 145, 69)","(17, 25, 20)","(41, 42, 30)","(79, 85, 92)","(69, 78, 37)","(81, 101, 79)","(228, 211, 91)"
14751,71858,50,"(178, 158, 132)","(115, 97, 77)","(27, 31, 40)","(46, 35, 26)","(77, 88, 99)","(230, 212, 193)","(208, 216, 226)","(86, 102, 87)","(146, 163, 147)","(28, 22, 25)"
8358,36959,16,"(8, 28, 36)","(79, 111, 87)","(17, 33, 22)","(130, 157, 140)","(60, 102, 114)","(9, 7, 4)","(119, 165, 173)","(108, 141, 118)","(106, 104, 76)","(169, 161, 141)"
16800,124873,183,"(35, 31, 24)","(106, 90, 66)","(26, 22, 23)","(179, 156, 122)","(79, 70, 34)","(158, 135, 78)","(31, 32, 36)","(236, 219, 187)","(25, 29, 25)","(232, 201, 123)"
11654,55379,55,"(219, 217, 209)","(211, 214, 217)","(17, 26, 31)","(173, 168, 138)","(22, 31, 26)","(107, 101, 68)","(45, 43, 22)","(157, 167, 175)","(84, 95, 101)","(207, 216, 213)"
9199,59853,39,"(185, 169, 151)","(122, 89, 72)","(55, 37, 28)","(14, 13, 21)","(224, 211, 192)","(44, 29, 34)","(171, 170, 175)","(174, 169, 172)","(209, 193, 168)","(101, 90, 94)"
7533,49038,5,"(3, 1, 1)","(51, 10, 13)","(119, 85, 80)","(176, 153, 144)","(123, 31, 26)","(121, 28, 32)","(226, 203, 194)","(142, 63, 66)","(174, 102, 97)","(1, 4, 2)"
36077,256910,925,"(143, 152, 175)","(89, 96, 113)","(25, 30, 41)","(29, 29, 24)","(34, 45, 36)","(73, 95, 81)","(207, 216, 240)","(115, 124, 148)","(101, 90, 67)","(125, 75, 90)"
8240,64526,11,"(25, 26, 8)","(74, 79, 21)","(103, 91, 55)","(16, 23, 14)","(18, 19, 23)","(21, 16, 18)","(86, 90, 97)","(215, 214, 220)","(192, 143, 107)","(158, 158, 163)"
9935,73078,28,"(189, 208, 240)","(84, 94, 117)","(15, 20, 39)","(142, 154, 180)","(166, 190, 226)","(115, 124, 148)","(50, 60, 84)","(116, 75, 93)","(46, 22, 35)","(94, 46, 61)"
4326,13474,22,"(104, 102, 72)","(39, 41, 24)","(72, 77, 33)","(162, 153, 122)","(138, 138, 94)","(27, 37, 24)","(233, 226, 204)","(85, 90, 95)","(32, 34, 38)","(80, 92, 77)"
3631,17056,24,"(75, 89, 104)","(142, 157, 180)","(232, 228, 223)","(218, 226, 241)","(47, 57, 68)","(81, 90, 82)","(110, 102, 87)","(175, 163, 149)","(230, 227, 229)","(51, 63, 79)"
3354,25707,10,"(28, 22, 13)","(110, 89, 72)","(26, 19, 22)","(177, 155, 138)","(79, 74, 26)","(105, 75, 98)","(219, 203, 187)","(79, 57, 51)","(31, 29, 36)","(144, 141, 79)"
1781,3773,6,"(181, 166, 117)","(116, 104, 56)","(92, 84, 15)","(51, 43, 18)","(154, 141, 77)","(231, 216, 180)","(212, 200, 150)","(155, 156, 167)","(221, 221, 232)","(21, 26, 35)"
2241,6234,1,"(54, 44, 21)","(106, 87, 53)","(82, 71, 30)","(187, 161, 107)","(161, 147, 61)","(230, 213, 107)","(244, 228, 184)","(28, 30, 33)","(19, 23, 21)","(37, 29, 32)"
2350,13643,4,"(119, 106, 52)","(160, 154, 52)","(182, 161, 113)","(51, 43, 12)","(87, 82, 17)","(246, 245, 242)","(208, 198, 142)","(250, 250, 253)","(70, 110, 65)","(249, 247, 249)"
3808,15947,31,"(29, 27, 10)","(117, 102, 70)","(182, 160, 120)","(241, 220, 180)","(151, 133, 91)","(78, 72, 34)","(219, 196, 148)","(213, 226, 233)","(216, 227, 222)","(153, 164, 155)"
5214,30922,41,"(157, 162, 182)","(142, 108, 43)","(150, 147, 46)","(23, 24, 29)","(34, 31, 11)","(89, 93, 105)","(15, 11, 13)","(83, 81, 24)","(74, 83, 74)","(161, 139, 127)"
3505,18254,23,"(48, 33, 22)","(114, 80, 53)","(198, 152, 106)","(23, 13, 16)","(84, 65, 36)","(240, 212, 185)","(91, 55, 39)","(168, 127, 77)","(230, 191, 144)","(234, 235, 241)"
1271,5411,3,"(24, 29, 34)","(41, 37, 26)","(74, 95, 119)","(207, 213, 225)","(106, 93, 72)","(247, 243, 246)","(136, 155, 178)","(20, 25, 21)","(171, 153, 131)","(79, 70, 36)"
3940,22566,46,"(114, 104, 57)","(189, 163, 119)","(50, 47, 20)","(78, 79, 27)","(154, 150, 65)","(239, 215, 181)","(220, 201, 125)","(18, 18, 23)","(89, 92, 99)","(21, 15, 18)"
3414,21150,16,"(102, 87, 73)","(175, 157, 140)","(52, 43, 36)","(245, 234, 223)","(25, 38, 45)","(175, 3, 26)","(28, 34, 31)","(196, 210, 220)","(53, 98, 121)","(178, 142, 47)"
362,2457,20,"(3, 116, 169)","(2, 50, 76)","(204, 220, 226)","(254, 254, 254)","(247, 203, 24)","(1, 82, 119)","(28, 154, 212)","(71, 170, 216)","(252, 254, 253)","(254, 253, 254)"
468,2115,2,"(166, 169, 172)","(204, 202, 204)","(95, 100, 104)","(197, 197, 200)","(183, 180, 183)","(160, 164, 164)","(89, 96, 95)","(191, 190, 194)","(203, 203, 203)","(51, 56, 60)"
1491,6061,2,"(183, 165, 147)","(225, 209, 191)","(116, 103, 90)","(212, 191, 167)","(167, 167, 177)","(171, 166, 169)","(143, 127, 107)","(209, 206, 208)","(87, 96, 113)","(201, 200, 205)"
2211,12252,5,"(215, 229, 243)","(133, 159, 182)","(88, 100, 114)","(45, 51, 58)","(170, 193, 215)","(109, 129, 149)","(51, 47, 44)","(55, 63, 74)","(43, 47, 45)","(77, 74, 72)"
311,1838,18,"(143, 156, 164)","(33, 41, 46)","(84, 94, 101)","(37, 42, 41)","(43, 43, 42)","(161, 170, 168)","(86, 93, 91)","(194, 201, 199)","(77, 77, 77)","(111, 128, 147)"
157,1139,10,"(96, 99, 106)","(34, 34, 45)","(147, 150, 159)","(119, 96, 48)","(194, 197, 208)","(51, 42, 48)","(63, 48, 30)","(92, 85, 90)","(88, 72, 29)","(188, 189, 200)"
2258,14933,55,"(249, 126, 1)","(217, 216, 232)","(164, 90, 43)","(228, 145, 43)","(55, 36, 26)","(156, 153, 189)","(20, 35, 72)","(167, 156, 165)","(182, 180, 219)","(56, 101, 128)"
115,765,3,"(98, 118, 127)","(154, 154, 152)","(252, 252, 252)","(145, 152, 150)","(145, 151, 153)","(100, 99, 97)","(107, 112, 112)","(50, 49, 47)","(47, 44, 45)","(42, 46, 50)"
214,808,0,"(35, 41, 46)","(76, 84, 94)","(142, 152, 168)","(56, 63, 73)","(192, 206, 227)","(29, 35, 35)","(117, 126, 142)","(177, 190, 210)","(57, 66, 69)","(86, 89, 89)"
286,2076,1,"(22, 33, 41)","(214, 232, 249)","(53, 98, 138)","(116, 166, 201)","(179, 8, 46)","(14, 10, 7)","(23, 11, 17)","(181, 134, 155)","(206, 241, 78)","(159, 190, 233)"
521,3322,7,"(75, 154, 234)","(9, 123, 220)","(37, 138, 226)","(3, 37, 93)","(170, 203, 249)","(152, 188, 245)","(8, 61, 133)","(245, 234, 245)","(254, 252, 252)","(8, 2, 0)"
1521,14411,70,"(142, 162, 186)","(73, 96, 121)","(203, 210, 219)","(18, 38, 58)","(104, 127, 157)","(178, 191, 208)","(41, 64, 90)","(238, 238, 238)","(222, 226, 225)","(221, 217, 220)"
2651,17566,27,"(106, 90, 61)","(40, 35, 19)","(228, 226, 218)","(162, 178, 170)","(204, 216, 213)","(79, 67, 39)","(195, 217, 221)","(181, 177, 161)","(179, 198, 195)","(198, 194, 179)"
1204,2766,17,"(178, 164, 139)","(227, 223, 215)","(114, 98, 73)","(38, 33, 25)","(65, 100, 121)","(203, 193, 174)","(133, 159, 175)","(148, 130, 99)","(21, 25, 23)","(22, 41, 53)"
11222,24804,184,"(73, 15, 18)","(140, 24, 29)","(56, 11, 10)","(141, 62, 70)","(228, 214, 217)","(155, 17, 14)","(228, 218, 216)","(179, 153, 157)","(180, 156, 153)","(128, 76, 72)"
1962,7204,12,"(234, 230, 221)","(181, 161, 142)","(121, 93, 76)","(9, 25, 30)","(28, 42, 38)","(56, 42, 30)","(80, 89, 84)","(206, 191, 173)","(172, 114, 89)","(136, 128, 116)"
1824,14996,21,"(21, 38, 46)","(206, 202, 204)","(217, 213, 213)","(172, 152, 148)","(69, 89, 99)","(190, 175, 178)","(114, 85, 74)","(73, 46, 37)","(199, 187, 189)","(138, 152, 165)"
3216,32888,90,"(21, 29, 42)","(56, 85, 138)","(38, 60, 100)","(117, 157, 210)","(25, 12, 17)","(28, 16, 13)","(81, 120, 190)","(216, 230, 242)","(17, 24, 23)","(245, 249, 249)"
1502,6521,12,"(82, 91, 102)","(159, 176, 182)","(193, 206, 209)","(205, 214, 212)","(183, 156, 138)","(226, 216, 201)","(22, 29, 38)","(117, 95, 88)","(99, 90, 94)","(178, 197, 200)"
3978,12440,56,"(45, 34, 30)","(111, 92, 76)","(110, 125, 120)","(95, 116, 118)","(125, 143, 138)","(24, 21, 23)","(18, 18, 20)","(115, 134, 131)","(84, 58, 45)","(20, 23, 21)"
9281,56748,139,"(116, 88, 69)","(213, 215, 221)","(24, 24, 31)","(56, 42, 34)","(158, 160, 170)","(219, 215, 218)","(35, 29, 32)","(174, 141, 122)","(91, 93, 101)","(167, 160, 165)"
1596,8491,13,"(114, 91, 67)","(51, 41, 30)","(177, 149, 120)","(82, 65, 39)","(156, 129, 89)","(20, 22, 25)","(216, 202, 183)","(35, 39, 36)","(80, 58, 49)","(74, 78, 75)"
1678,7530,18,"(185, 171, 145)","(149, 173, 197)","(196, 205, 221)","(214, 201, 186)","(88, 114, 126)","(28, 23, 16)","(26, 33, 28)","(113, 99, 78)","(205, 192, 171)","(175, 192, 212)"
1686,9335,23,"(241, 232, 217)","(116, 89, 64)","(200, 163, 119)","(65, 46, 28)","(230, 193, 143)","(233, 236, 234)","(78, 65, 44)","(160, 126, 89)","(253, 251, 252)","(88, 56, 42)"
601,2114,14,"(231, 231, 231)","(41, 41, 41)","(77, 77, 77)","(161, 161, 161)","(242, 240, 241)","(16, 18, 15)","(231, 233, 232)","(19, 17, 20)","(231, 231, 233)","(95, 97, 94)"
441,1496,14,"(32, 31, 24)","(19, 23, 19)","(25, 29, 30)","(115, 100, 71)","(197, 159, 106)","(248, 226, 187)","(235, 194, 136)","(62, 78, 85)","(153, 131, 91)","(73, 67, 45)"
12929,111268,94,"(180, 150, 130)","(117, 78, 106)","(100, 97, 126)","(136, 158, 178)","(84, 20, 84)","(113, 33, 88)","(132, 109, 99)","(189, 213, 234)","(169, 138, 151)","(198, 76, 95)"
3044,25736,60,"(164, 157, 134)","(110, 105, 81)","(41, 40, 24)","(136, 134, 106)","(232, 227, 218)","(70, 70, 45)","(222, 229, 237)","(201, 195, 173)","(31, 38, 32)","(230, 234, 232)"
1054,2776,5,"(115, 175, 194)","(199, 152, 116)","(92, 106, 120)","(15, 40, 60)","(186, 238, 248)","(105, 221, 244)","(173, 126, 74)","(150, 100, 70)","(229, 242, 240)","(230, 215, 204)"
2157,15051,18,"(119, 93, 65)","(45, 31, 17)","(184, 215, 238)","(137, 167, 197)","(179, 150, 120)","(97, 98, 116)","(34, 18, 23)","(160, 144, 157)","(21, 24, 39)","(115, 93, 103)"
14065,53949,253,"(127, 100, 70)","(177, 149, 110)","(48, 32, 19)","(162, 136, 79)","(64, 91, 136)","(120, 79, 90)","(158, 17, 9)","(144, 153, 172)","(176, 10, 21)","(22, 35, 61)"
1920,8665,1,"(161, 10, 8)","(140, 76, 56)","(59, 27, 20)","(242, 228, 193)","(74, 84, 92)","(37, 48, 57)","(163, 8, 15)","(185, 152, 126)","(153, 57, 70)","(68, 14, 20)"
1465,13613,44,"(151, 139, 128)","(122, 110, 99)","(103, 83, 89)","(82, 93, 105)","(138, 129, 113)","(167, 138, 145)","(118, 152, 175)","(41, 50, 61)","(56, 49, 54)","(175, 102, 116)"
2495,14890,34,"(151, 169, 179)","(202, 211, 220)","(24, 43, 23)","(105, 103, 76)","(84, 103, 90)","(173, 155, 136)","(237, 235, 225)","(143, 154, 148)","(85, 116, 125)","(42, 47, 20)"
84,624,0,"(9, 41, 76)","(61, 97, 128)","(174, 160, 136)","(104, 98, 84)","(124, 152, 171)","(46, 42, 33)","(235, 215, 171)","(89, 96, 94)","(38, 42, 40)","(224, 199, 144)"
104,396,4,"(19, 28, 41)","(99, 163, 225)","(49, 107, 172)","(58, 130, 210)","(177, 173, 157)","(105, 99, 72)","(40, 33, 22)","(46, 20, 28)","(176, 214, 236)","(219, 213, 199)"
68,448,1,"(11, 38, 66)","(64, 98, 128)","(124, 153, 169)","(188, 169, 121)","(35, 40, 38)","(82, 90, 84)","(108, 109, 94)","(158, 175, 167)","(217, 196, 137)","(138, 134, 107)"
77,590,3,"(101, 166, 231)","(19, 29, 42)","(177, 171, 159)","(60, 127, 215)","(77, 91, 106)","(112, 104, 58)","(175, 212, 238)","(213, 207, 196)","(44, 39, 25)","(25, 36, 29)"
64,347,1,"(31, 26, 20)","(69, 106, 138)","(121, 153, 173)","(190, 166, 115)","(111, 95, 74)","(87, 97, 93)","(35, 38, 37)","(153, 172, 163)","(36, 47, 51)","(152, 134, 92)"
119,899,11,"(131, 160, 186)","(25, 24, 19)","(31, 37, 43)","(182, 165, 138)","(26, 30, 27)","(76, 108, 143)","(104, 95, 85)","(88, 130, 176)","(165, 177, 173)","(220, 209, 184)"
52,210,2,"(125, 96, 83)","(123, 171, 214)","(180, 214, 235)","(242, 228, 205)","(61, 17, 12)","(20, 28, 38)","(79, 87, 97)","(182, 156, 131)","(41, 20, 25)","(117, 82, 92)"
239,968,11,"(187, 212, 228)","(156, 169, 186)","(230, 226, 205)","(178, 160, 146)","(146, 11, 34)","(25, 28, 35)","(71, 18, 29)","(115, 96, 84)","(212, 228, 221)","(43, 33, 29)"
112,691,3,"(176, 160, 142)","(7, 8, 13)","(14, 13, 9)","(114, 97, 75)","(224, 209, 190)","(1, 3, 2)","(227, 204, 104)","(204, 164, 24)","(179, 145, 155)","(44, 36, 39)"
64,152,3,"(39, 25, 22)","(31, 32, 38)","(115, 86, 77)","(245, 237, 225)","(179, 151, 131)","(159, 159, 174)","(35, 28, 30)","(109, 92, 97)","(85, 87, 97)","(85, 53, 49)"
49,202,3,"(115, 87, 104)","(82, 80, 110)","(219, 142, 121)","(18, 9, 16)","(155, 131, 143)","(133, 79, 74)","(151, 115, 125)","(179, 107, 97)","(247, 218, 192)","(10, 7, 16)"
164,334,2,"(0, 0, 0)","(19, 20, 31)","(247, 246, 245)","(32, 24, 31)","(198, 151, 128)","(118, 86, 74)","(91, 78, 86)","(77, 79, 95)","(55, 58, 82)","(0, 2, 1)"
610,4794,1,"(127, 97, 74)","(141, 170, 208)","(174, 142, 121)","(195, 199, 214)","(217, 199, 192)","(173, 189, 217)","(70, 47, 29)","(195, 162, 174)","(220, 178, 168)","(211, 203, 205)"
705,4535,16,"(250, 247, 243)","(131, 88, 70)","(181, 144, 123)","(75, 40, 29)","(161, 115, 100)","(97, 51, 38)","(174, 158, 167)","(228, 222, 224)","(111, 81, 85)","(151, 151, 180)"
1219,6467,7,"(73, 95, 108)","(122, 160, 172)","(29, 49, 57)","(38, 33, 20)","(22, 34, 26)","(151, 157, 155)","(164, 139, 130)","(106, 89, 79)","(80, 92, 85)","(153, 130, 138)"
484,1533,3,"(239, 221, 205)","(191, 157, 134)","(42, 26, 11)","(133, 88, 58)","(232, 228, 230)","(220, 222, 226)","(157, 165, 175)","(99, 79, 85)","(168, 146, 150)","(209, 214, 212)"
2645,5725,4,"(207, 225, 246)","(131, 84, 60)","(61, 36, 24)","(131, 164, 196)","(193, 146, 115)","(77, 96, 120)","(29, 38, 53)","(52, 37, 43)","(100, 80, 87)","(92, 52, 42)"
546,3276,0,"(189, 158, 127)","(55, 25, 16)","(136, 90, 63)","(229, 212, 192)","(217, 227, 239)","(153, 133, 90)","(212, 197, 157)","(106, 46, 30)","(158, 166, 176)","(167, 115, 94)"
1355,10708,7,"(200, 143, 169)","(242, 161, 174)","(132, 79, 72)","(133, 75, 80)","(252, 167, 163)","(253, 183, 174)","(251, 181, 189)","(66, 29, 19)","(191, 132, 125)","(144, 129, 188)"
476,1518,5,"(128, 94, 60)","(200, 150, 104)","(56, 31, 15)","(232, 220, 190)","(102, 154, 210)","(68, 130, 200)","(166, 126, 81)","(231, 193, 140)","(95, 63, 26)","(92, 104, 124)"
1652,11666,5,"(126, 166, 201)","(41, 27, 18)","(122, 92, 69)","(224, 204, 178)","(83, 89, 96)","(35, 38, 43)","(184, 149, 111)","(243, 198, 114)","(191, 197, 204)","(97, 89, 92)"
1344,4965,5,"(121, 89, 71)","(207, 144, 113)","(108, 85, 92)","(55, 42, 29)","(32, 38, 48)","(247, 200, 164)","(164, 112, 102)","(56, 45, 51)","(160, 134, 141)","(79, 78, 92)"
3481,12111,22,"(138, 95, 62)","(184, 157, 134)","(53, 37, 26)","(95, 102, 106)","(32, 37, 35)","(135, 140, 148)","(176, 122, 72)","(90, 97, 96)","(33, 39, 42)","(113, 108, 110)"
1257,6425,42,"(210, 151, 119)","(146, 90, 46)","(154, 183, 204)","(233, 201, 185)","(182, 212, 231)","(75, 41, 14)","(212, 202, 205)","(184, 166, 171)","(224, 181, 164)","(181, 190, 207)"
92,756,11,"(25, 21, 12)","(226, 227, 230)","(102, 90, 72)","(17, 26, 15)","(18, 20, 24)","(233, 236, 235)","(159, 163, 170)","(173, 156, 134)","(89, 96, 105)","(241, 239, 236)"
109,637,0,"(100, 82, 68)","(48, 40, 33)","(85, 78, 80)","(31, 28, 29)","(76, 83, 94)","(31, 32, 35)","(142, 138, 133)","(74, 63, 51)","(74, 61, 55)","(27, 30, 28)"
238,1543,10,"(114, 96, 84)","(61, 45, 36)","(97, 126, 163)","(91, 117, 151)","(153, 135, 123)","(36, 38, 46)","(42, 36, 39)","(78, 59, 51)","(98, 92, 95)","(143, 126, 110)"
71,331,2,"(228, 228, 211)","(86, 95, 102)","(34, 44, 51)","(103, 99, 93)","(168, 161, 146)","(139, 150, 158)","(96, 101, 99)","(145, 151, 148)","(231, 237, 229)","(49, 44, 38)"
136,707,11,"(102, 93, 81)","(33, 28, 22)","(198, 154, 117)","(87, 89, 93)","(224, 230, 237)","(56, 111, 70)","(34, 38, 43)","(25, 35, 28)","(29, 26, 27)","(150, 154, 158)"
237,1382,11,"(121, 84, 62)","(124, 169, 209)","(216, 149, 73)","(78, 41, 25)","(210, 125, 29)","(92, 55, 39)","(253, 190, 83)","(154, 120, 103)","(24, 8, 12)","(8, 8, 13)"
66,359,2,"(30, 38, 49)","(168, 228, 249)","(193, 160, 120)","(115, 92, 69)","(54, 35, 22)","(246, 223, 178)","(74, 83, 93)","(46, 36, 41)","(122, 195, 234)","(229, 195, 140)"
122,699,9,"(245, 245, 242)","(64, 26, 9)","(131, 80, 42)","(242, 245, 242)","(186, 149, 116)","(104, 52, 27)","(33, 6, 10)","(237, 239, 242)","(103, 59, 20)","(168, 125, 80)"
112,455,13,"(209, 149, 109)","(141, 89, 59)","(60, 36, 22)","(147, 168, 195)","(197, 211, 221)","(241, 206, 178)","(88, 93, 104)","(35, 35, 44)","(108, 89, 96)","(46, 23, 30)"
113,766,4,"(196, 156, 130)","(48, 32, 28)","(113, 83, 71)","(46, 34, 38)","(126, 161, 208)","(203, 218, 243)","(238, 205, 177)","(65, 106, 159)","(92, 78, 82)","(83, 55, 50)"
89,713,4,"(19, 24, 35)","(197, 203, 213)","(157, 165, 179)","(88, 95, 107)","(101, 90, 82)","(184, 191, 201)","(39, 33, 37)","(46, 40, 36)","(166, 155, 146)","(113, 127, 146)"
92,445,4,"(95, 172, 238)","(37, 52, 38)","(20, 22, 32)","(70, 88, 78)","(62, 89, 103)","(102, 97, 78)","(53, 127, 227)","(40, 36, 26)","(164, 153, 140)","(51, 72, 60)"
3075,19145,127,"(110, 86, 65)","(60, 42, 29)","(192, 158, 128)","(221, 204, 191)","(223, 233, 239)","(90, 105, 112)","(142, 160, 168)","(152, 162, 155)","(86, 61, 38)","(215, 223, 221)"
2595,10461,53,"(12, 14, 16)","(229, 237, 244)","(16, 16, 15)","(80, 95, 104)","(146, 163, 175)","(17, 21, 20)","(100, 89, 76)","(177, 162, 141)","(18, 15, 17)","(239, 234, 226)"
3987,28747,18,"(205, 214, 218)","(147, 164, 175)","(86, 103, 115)","(31, 31, 29)","(35, 40, 44)","(33, 36, 34)","(210, 219, 218)","(87, 92, 90)","(35, 32, 34)","(158, 166, 164)"
6571,24746,56,"(232, 238, 238)","(229, 234, 236)","(39, 37, 31)","(160, 63, 51)","(158, 165, 163)","(161, 169, 171)","(37, 43, 39)","(91, 98, 95)","(196, 142, 131)","(233, 219, 214)"
3916,25712,40,"(158, 166, 182)","(49, 110, 175)","(200, 204, 217)","(185, 189, 203)","(73, 130, 191)","(22, 27, 44)","(139, 81, 67)","(42, 26, 34)","(40, 59, 96)","(172, 162, 168)"
2578,14370,14,"(221, 227, 230)","(81, 102, 118)","(133, 154, 170)","(40, 47, 55)","(225, 231, 231)","(53, 64, 76)","(106, 131, 150)","(32, 36, 35)","(180, 192, 204)","(182, 194, 200)"
1399,12010,29,"(122, 92, 62)","(50, 37, 26)","(184, 152, 113)","(154, 133, 88)","(94, 89, 93)","(238, 223, 198)","(81, 66, 39)","(90, 91, 99)","(45, 40, 43)","(99, 52, 35)"
3022,11736,26,"(127, 161, 194)","(212, 224, 236)","(78, 116, 155)","(88, 130, 173)","(168, 193, 217)","(26, 38, 52)","(238, 244, 243)","(49, 63, 83)","(242, 242, 240)","(242, 237, 242)"
5274,44855,94,"(234, 238, 243)","(83, 102, 142)","(253, 253, 252)","(131, 156, 197)","(101, 122, 166)","(173, 143, 123)","(249, 251, 251)","(165, 193, 222)","(248, 246, 247)","(115, 103, 94)"
2225,9775,15,"(21, 20, 20)","(207, 220, 225)","(147, 172, 186)","(30, 34, 38)","(78, 94, 107)","(132, 94, 49)","(170, 199, 210)","(218, 224, 224)","(23, 26, 25)","(188, 161, 123)"
1557,5955,33,"(25, 19, 16)","(207, 222, 232)","(149, 167, 181)","(26, 29, 34)","(117, 101, 84)","(164, 150, 133)","(87, 97, 106)","(222, 216, 207)","(226, 231, 230)","(135, 69, 81)"
3230,18858,23,"(214, 218, 220)","(33, 41, 51)","(160, 164, 168)","(90, 96, 103)","(212, 217, 216)","(162, 162, 161)","(171, 174, 172)","(40, 37, 34)","(100, 97, 95)","(214, 212, 210)"
832,7512,47,"(199, 209, 215)","(77, 98, 87)","(28, 26, 20)","(156, 169, 172)","(36, 49, 39)","(142, 157, 154)","(105, 96, 82)","(161, 152, 138)","(52, 71, 59)","(91, 106, 112)"
557,5145,62,"(144, 171, 184)","(108, 92, 75)","(170, 154, 134)","(49, 40, 29)","(86, 102, 111)","(154, 161, 158)","(31, 42, 51)","(94, 102, 98)","(147, 129, 101)","(193, 201, 205)"
790,4302,50,"(209, 215, 218)","(163, 177, 181)","(47, 41, 23)","(208, 214, 212)","(101, 96, 75)","(164, 160, 146)","(162, 170, 166)","(218, 216, 206)","(74, 69, 43)","(98, 105, 100)"
619,3726,20,"(202, 215, 226)","(154, 167, 180)","(22, 29, 38)","(92, 100, 108)","(27, 33, 29)","(45, 32, 26)","(89, 6, 12)","(178, 191, 207)","(230, 237, 236)","(98, 90, 78)"
709,6382,33,"(247, 244, 240)","(231, 235, 240)","(246, 243, 245)","(178, 162, 146)","(246, 249, 247)","(122, 88, 69)","(117, 41, 31)","(75, 43, 31)","(170, 176, 184)","(145, 132, 98)"
807,5537,40,"(134, 158, 169)","(86, 125, 144)","(210, 204, 196)","(188, 173, 155)","(35, 25, 16)","(111, 94, 75)","(98, 135, 154)","(196, 200, 203)","(205, 192, 174)","(199, 202, 200)"
1044,4319,19,"(148, 160, 176)","(77, 103, 136)","(200, 210, 220)","(222, 221, 216)","(10, 44, 93)","(107, 126, 152)","(9, 66, 127)","(98, 90, 80)","(180, 191, 206)","(53, 42, 29)"
917,1887,4,"(189, 200, 206)","(158, 169, 174)","(100, 96, 85)","(94, 104, 99)","(39, 35, 27)","(150, 158, 156)","(156, 153, 145)","(35, 44, 37)","(103, 111, 114)","(199, 205, 203)"
331,1268,6,"(217, 224, 239)","(143, 163, 199)","(175, 188, 217)","(54, 12, 25)","(56, 99, 151)","(20, 22, 38)","(143, 66, 88)","(133, 25, 46)","(97, 123, 172)","(197, 136, 155)"
191,612,1,"(254, 254, 253)","(203, 218, 226)","(236, 241, 239)","(147, 177, 194)","(23, 38, 57)","(72, 91, 110)","(211, 160, 82)","(124, 87, 63)","(57, 38, 26)","(251, 246, 250)"
596,3542,1,"(152, 174, 202)","(16, 20, 27)","(191, 205, 221)","(229, 223, 188)","(174, 166, 153)","(85, 95, 104)","(102, 98, 86)","(21, 17, 14)","(188, 7, 40)","(171, 191, 215)"
647,3763,20,"(126, 161, 206)","(174, 202, 234)","(161, 192, 230)","(69, 84, 113)","(22, 37, 73)","(238, 233, 202)","(45, 58, 93)","(88, 129, 179)","(210, 221, 215)","(172, 162, 144)"
1989,6928,5,"(209, 213, 232)","(161, 164, 180)","(91, 94, 106)","(25, 29, 37)","(184, 187, 205)","(186, 146, 21)","(141, 109, 20)","(37, 32, 23)","(121, 125, 139)","(59, 61, 72)"
5127,41958,40,"(163, 180, 196)","(178, 196, 210)","(176, 193, 208)","(35, 45, 53)","(78, 89, 99)","(54, 64, 74)","(115, 128, 142)","(70, 77, 76)","(41, 49, 48)","(54, 66, 71)"
1995,11379,22,"(180, 199, 226)","(148, 165, 190)","(32, 43, 55)","(79, 92, 105)","(172, 191, 219)","(52, 64, 77)","(113, 127, 146)","(219, 75, 117)","(164, 59, 95)","(44, 19, 34)"
8125,33402,61,"(97, 92, 87)","(161, 154, 146)","(213, 208, 195)","(58, 52, 49)","(132, 128, 120)","(70, 61, 58)","(198, 193, 181)","(136, 124, 121)","(80, 73, 75)","(65, 64, 61)"
